C.D.S.  -  SIMBAD4 rel 1.8  -  2024.04.27CEST21:49:39,,,,,,,,,,,
,,,,,,,,,,,
PN K,,,,,,,,,,,
----,,,,,,,,,,,
,,,,,,,,,,,
Number of objects : 1,,,,,,,,,,,
,,,,,,,,,,,
 # ,typed ident,            identifier             ,typ,"coord1 (ICRS,J2000/2000)","coord3 (FK4,B1950/1950)","coord4 (Gal,J2000/2000)",       pm       ,   radvel   ,  redshift  ,     cz     ,#not
---,-----------,-----------------------------------,---,---------------------------------------,---------------------------------------,-----------------------------------,----------------,------------,------------,------------,----
1,PN K       ,PN K 1-1,PN ,08 31 52.633 -32 06 08.69,08 29 51.948 -31 55 55.50,252.635008 +04.450581,            ~ ~ ,~           ,~           ,~           ,0
2,PN K       ,PN K 1-2,PN ,08 57 45.9621412752 -28 57 36.577846476,08 55 38.6461836814 -28 45 58.164646292,253.5771805277412 +10.7796436155729,-1.844 1.506,~           ,~           ,~           ,1
3,PN K       ,PN K 1-3,PN ,16 23 19.0090687824 -31 44 58.628625180,16 20 07.7188110908 -31 38 01.763036309,346.9783187748880 +12.4644800126640,-2.191 -0.734,-14,-0.000047,-14.00,0
4,PN K       ,PN K 1-4,PN ,17 40 27.52 -27 01 02.1,17 37 19.83 -26 59 29.9,001.03402 +01.97783,            ~ ~ ,10887,0.037,11092,0
5,PN K       ,MCG-05-46-002,EmG,19 32 20.1648188496 -29 23 09.345452208,19 29 11.5884082696 -29 29 36.019506924,009.8076954286678 -21.1861186035025,            ~ ~ ,7060,0.023833,7144.95,2
6,PN K       ,PN K 1-6,PN ,20 04 14.2789921536 +74 25 36.381398736,20 05 04.6053931299 +74 16 59.235063234,107.0358018053574 +21.3839538094603,-0.195 -28.186,-47.42,-0.000158,-47.42,0
7,PN K       ,PN K 1-7,PN ,05 31 45.498 +06 56 01.58,05 29 03.724 +06 53 52.50,197.270374 -14.238542,            ~ ~ ,~           ,~           ,~           ,0
8,PN K       ,PN K 1-8,HII,07 03 17.3 -10 35 02,07 00 55.6 -10 30 34,223.6965 -02.2086,            ~ ~ ,~           ,~           ,~           ,2
9,PN K       ,PN K 1-9,PN ,07 07 15.6053949864 -05 10 07.476364344,07 04 47.6224733186 -05 05 22.598539285,219.3353200722639 +01.1496973478964,-0.877 -3.086,60.2,0.000201,60.21,1
10,PN K       ,PN K 1-10,PN ,07 12 35.493 -16 05 59.71,07 10 20.062 -16 00 52.27,229.640942 -02.730499,            ~ ~ ,~           ,~           ,~           ,0
11,PN K       ,PN K 1-11,PN ,07 36 07.9179966384 +02 42 27.543987324,07 33 31.2311157823 +02 49 10.601017829,215.6322838159397 +11.1752572895801,-0.932 -2.970,~           ,~           ,~           ,1
12,PN K       ,PN K 1-12,PN ,07 50 11.602 -19 18 16.47,07 47 58.596 -19 10 37.25,236.768376 +03.568511,            ~ ~ ,~           ,~           ,~           ,0
13,PN K       ,PN K 1-13,PN ,08 06 46.5011104080 -02 52 35.181386400,08 04 15.5622984372 -02 43 53.523148608,224.3950296195951 +15.3118362636264,-1.439 3.532,~           ,~           ,~           ,0
14,PN K       ,PN K 1-14,PN ,17 42 36.7639099896 +21 27 02.439215928,17 40 29.1360976601 +21 28 22.530429322,045.6051521835213 +24.3171655772339,7.963 9.366,-19.06,-0.000064,-19.06,0
15,PN K       ,2MASS J17445657+2720070,*  ,17 44 56.5778797248 +27 20 07.084274064,17 42 57.2659325247 +27 21 17.238901733,051.9140311698903 +25.8214100722048,-0.845 -1.320,~           ,~           ,~           ,1
16,PN K       ,PN K 1-16,PN ,18 21 52.1086837968 +64 21 53.406292104,18 21 36.8556991829 +64 20 18.571488547,094.0254158180272 +27.4284804041659,-3.478 -2.583,~           ,~           ,~           ,0
17,PN K       ,PN K 1-17,PN ,19 03 37.3621841599 +19 21 22.436636327,19 01 26.1362826634 +19 16 52.365598526,051.5741853464671 +06.1141611592208,            ~ ~ ,~           ,~           ,~           ,0
18,PN K       ,NGC 6852,PN ,20 00 39.2100674640 +01 43 40.921293540,19 58 07.1124221699 +01 35 22.350142516,042.5899976458644 -14.5276490656098,-1.382 -4.767,~           ,~           ,~           ,1
19,PN K       ,NGC 7094,PN ,21 36 52.9687364088 +12 47 19.099274136,21 34 28.0311167838 +12 33 49.656129782,066.7780581822627 -28.2021839049774,3.676 -10.534,-1,-0.000003,-1.00,0
20,PN K       ,PN K 1-20,PN ,23 39 10.842 +48 12 29.07,23 36 44.218 +47 55 51.67,110.690460 -12.938765,            ~ ~ ,~           ,~           ,~           ,0
21,PN K       ,PN K 1-21,PN ,08 04 14.193 -34 16 07.32,08 02 19.453 -34 07 33.80,251.178748 -01.549318,            ~ ~ ,~           ,~           ,~           ,0
22,PN K       ,PN K 1-22,PN ,11 26 43.7671247699 -34 22 11.178770560,11 24 16.8354480503 -34 05 40.104346470,283.6719423317491 +25.3140628479072,            ~ ~ ,~           ,~           ,~           ,0
23,PN K       ,PN K 1-23,PN ,12 30 52.5791941224 -44 14 16.106394264,12 28 10.5388265629 -43 57 41.921866703,299.0511160508576 +18.4789491440402,-7.302 -0.399,~           ,~           ,~           ,0
24,PN K       ,PN K 1-24,PN?,14 38 15.8937947592 -44 13 05.466143532,14 35 01.2878772910 -44 00 07.613596165,322.3720223635186 +14.5839883621270,-15.279 -10.565,-88.65,-0.000296,-88.64,1
25,PN K       ,PN K 1-25,Opt,18 33 10.24912080 +08 18 21.5815320,18 30 46.10425443 +08 16 02.2132253,038.29755779321 +07.81584915431,            ~ ~ ,~           ,~           ,~           ,1
26,PN K       ,PN Lo 1,PN ,02 56 58.4329051992 -44 10 17.842956240,02 55 09.8559640459 -44 22 19.513756466,255.3209596042181 -59.6200104216769,21.140 13.629,~           ,~           ,~           ,0
27,PN K       ,PN K 1-27,PN ,05 57 02.1748457640 -75 40 22.478040120,05 58 50.1260606275 -75 40 31.906227588,286.8772327939003 -29.5768167467190,1.136 6.111,-52,-0.000173,-52.00,0
28,PN K       ,PN K 1-28,PN ,10 34 30.6203481000 -29 11 15.215686152,10 32 10.6084077361 -28 55 43.464835210,270.1689393597458 +24.8355909420590,-6.981 -3.736,~           ,~           ,~           ,0
29,PN K       ,PN Lo 8,PN ,13 25 37.5025333848 -37 36 14.736103488,13 22 45.3722343693 -37 20 39.368777698,310.3826785929624 +24.7725595635109,-6.888 4.102,~           ,~           ,~           ,0
30,PN K       ,PN Lo 9,PN ,15 42 13.340 -47 40 46.33,15 38 39.538 -47 31 12.86,330.255062 +05.926021,            ~ ~ ,-33,-0.000110,-33.00,0
31,PN K       ,PN K 1-31,PN ,15 53 12.513 -41 50 26.15,15 49 48.197 -41 41 33.05,335.470782 +09.267157,            ~ ~ ,-62,-0.000207,-61.99,0
32,PN K       ,PN Lo 11,PN ,16 03 22.211 -36 00 53.73,16 00 06.290 -35 52 39.07,340.895344 +12.341301,            ~ ~ ,-79,-0.000263,-78.99,0
33,PN K       ,PN Lo 12,PN ,16 08 26.53 -37 08 45.0,16 05 08.29 -37 00 49.7,340.86896 +10.81980,            ~ ~ ,9,0.000030,9.00,0
34,PN K       ,LBN 809,RNe,05 07 09.096 +30 49 28.13,05 03 56.662 +30 45 32.27,173.775408 -05.868226,            ~ ~ ,~           ,~           ,~           ,2
35,PN K       ,PN K 2-2,PN ,06 52 23.1654838296 +09 57 55.772161416,06 49 37.9504973353 +10 01 37.377533657,204.1496676187508 +04.7343958614891,-2.265 -8.389,-44.4,-0.000148,-44.40,0
36,PN K       ,PN K 2-3,PN ,07 06 56.8 -22 02 26,07 04 49.0 -21 57 42,234.3392 -06.6228,            ~ ~ ,738,0.002465,738.91,0
37,PN K       ,PN K 2-4,PN?,12 18 18.5 +11 03 08,12 15 45.7 +11 19 47,275.4885 +72.1355,            ~ ~ ,~           ,~           ,~           ,1
38,PN K       ,PN K 2-5,PN ,17 54 26.179 -12 48 35.95,17 51 37.217 -12 48 05.46,014.948674 +06.460992,            ~ ~ ,-5,-0.000017,-5.00,0
39,PN K       ,IRAS 18390+2653,G  ,18 41 03.1697751600 +26 56 20.153678136,18 39 02.7885196451 +26 53 25.888926317,056.2994433521043 +14.0352773106554,            ~ ~ ,15085,0.051652,15484.88,2
40,PN K       ,PN K 2-7,PN ,19 40 29.0909353872 -20 27 05.899656780,19 37 32.6019034109 -20 34 05.349635880,019.4067523487356 -19.6593993575647,2.196 -4.939,-17.78,-0.000059,-17.78,0
41,PN K       ,PN K 2-8,*  ,17 05 31.1715589320 -10 05 48.934490460,17 02 45.8870366399 -10 01 46.967259218,010.9234359413980 +18.1038886099103,-0.783 -1.763,~           ,~           ,~           ,2
42,PN K       ,PN K 2-9,?  ,18 18 41.0 -28 09 24,18 15 31.5 -28 10 39,004.2593 -05.9355,            ~ ~ ,~           ,~           ,~           ,2
43,PN K       ,PN K 2-10,?  ,19 13 00.0 -03 32 00,19 10 22.2 -03 37 08,032.2346 -06.4048,            ~ ~ ,~           ,~           ,~           ,2
44,PN K       ,PN K 2-11,?  ,19 14 17.0 +03 34 47,19 11 47.1 +03 29 33,038.7310 -03.4355,            ~ ~ ,~           ,~           ,~           ,2
45,PN K       ,PN K 2-12,PN?,06 02 06.8725278720 -37 25 25.207145400,06 00 24.2700873602 -37 25 19.912079787,243.7874615919412 -25.3434877621554,-0.319 2.612,~           ,~           ,~           ,0
46,PN K       ,PN K 2-13,err,06 25 28.7 -39 51 48,06 23 50.4 -39 50 00,247.7737 -21.6835,            ~ ~ ,~           ,~           ,~           ,2
47,PN K       ,EM* MWC 819,Em*,06 44 37.6690072032 +01 19 32.611712052,06 42 02.3852007142 +01 22 40.910558034,210.9755224944485 -00.9101801351312,-0.343 0.630,~           ,~           ,~           ,2
48,PN K       ,PN K 2-15,HII,08 48 39.0553841664 -42 53 54.005736984,08 46 51.3829918565 -42 42 44.318723791,263.2258592443974 +00.4989360179661,-5.555 4.680,~           ,~           ,~           ,2
49,PN K       ,PN K 2-16,PN ,16 44 49.0522431864 -28 04 04.706514300,16 41 41.6951797826 -27 58 35.122385314,352.9472525502634 +11.3959977667726,-2.434 -2.694,-2,-0.000007,-2.00,0
50,PN K       ,PN K 2-17,PN ,17 09 35.8681643016 -52 13 02.349745824,17 05 38.2281452781 -52 09 14.904902579,336.8227321790665 -07.2374752652895,-1.650 -4.874,8,0.000027,8.00,0
51,PN K       ,PN K 559,PN ,No Coord.                              ,No Coord.                              ,No Coord.                          ,            ~ ~ ,~           ,~           ,~           ,0
52,PN K       ,NGC 7078 645,*  ,21 29 59.484 +12 10 51.22,21 27 34.466 +11 57 39.36,065.028066 -27.307409,            ~ ~ ,~           ,~           ,~           ,1
53,PN K       ,PN K 3-1,PN ,18 23 21.73 +03 36 28.2,18 20 52.13 +03 34 51.6,032.95475 +07.88773,            ~ ~ ,~           ,~           ,~           ,0
54,PN K       ,PN K 3-2,PN ,18 25 00.5652486576 -01 30 52.497857916,18 22 25.0191821122 -01 32 35.863293401,028.5569918623055 +05.1817026214197,-2.849 -3.221,15,0.000050,15.00,0
55,PN K       ,PN K 3-3,PN ,18 27 09.236 +01 14 24.33,18 24 36.873 +01 12 31.36,031.263780 +05.967948,            ~ ~ ,~           ,~           ,~           ,0
56,PN K       ,PN K 3-4,PN ,18 31 00.227 +02 25 27.35,18 28 29.229 +02 23 17.62,032.763789 +05.650699,            ~ ~ ,~           ,~           ,~           ,0
57,PN K       ,PN K 3-5,PN ,18 31 45.8281755432 +04 05 09.319126848,18 29 16.7599431145 +04 02 56.567611235,034.3394095432443 +06.2347765052734,-1.252 -6.841,~           ,~           ,~           ,0
58,PN K       ,PN K 3-6,PN ,18 33 17.4969402000 +00 11 46.782624084,18 30 43.9195341458 +00 09 27.234189926,031.0349605511696 +04.1263442167867,            ~ ~ ,~           ,~           ,~           ,0
59,PN K       ,PN K 3-7,PN ,18 34 13.60 -02 27 37.1,18 31 36.95 -02 30 00.6,028.77634 +02.70181,            ~ ~ ,~           ,~           ,~           ,0
60,PN K       ,IRAS 18324+0502,Mi*,18 34 53.8315521336 +05 04 52.252565196,18 32 25.9127049076 +05 02 25.795886158,035.5870849811038 +05.9874083498674,-2.821 -4.942,~           ,~           ,~           ,1
61,PN K       ,PN K 3-9,Sy*,18 40 24.1837249512 -08 43 46.321900536,18 37 40.2633097207 -08 46 36.104055734,023.9094051356004 -01.5394873120189,-0.177 -2.350,~           ,~           ,~           ,1
62,PN K       ,IRAS 18378+1408,Mi*,18 40 06.9697697280 +14 11 44.796943608,18 37 49.8169162036 +14 08 55.083436813,044.3994796792045 +08.8837120893121,-0.051 1.711,~           ,~           ,~           ,1
63,PN K       ,PN K 3-11,PN ,18 41 07.311 -08 55 58.97,18 38 23.155 -08 58 51.96,023.809530 -01.790447,            ~ ~ ,~           ,~           ,~           ,0
64,PN K       ,IPHAS J184446.08+060703.5,Sy*,18 44 46.0812918936 +06 07 03.561515796,18 42 19.3078902847 +06 03 54.456860704,037.6285637657227 +04.2635594427014,-1.868 -3.829,~           ,~           ,~           ,1
65,PN K       ,PN K 3-13,PN ,18 45 24.6682212456 +02 01 25.376350188,18 42 53.1784287554 +01 58 13.683608852,034.0470534246091 +02.2631267242294,-1.548 -3.912,~           ,~           ,~           ,0
66,PN K       ,PN K 3-14,PN ,18 48 32.8112121864 +10 35 50.714952360,18 46 11.2383275970 +10 32 25.300833326,042.0655573394190 +05.4452040402579,-2.247 -5.361,~           ,~           ,~           ,0
67,PN K       ,PN K 3-15,PN ,18 51 41.54 +09 54 52.6,18 49 19.12 +09 51 13.5,041.80240 +04.44707,            ~ ~ ,~           ,~           ,~           ,0
68,PN K       ,PN K 3-16,PN ,18 53 01.59 +12 16 00.2,18 50 41.93 +12 12 15.3,044.05843 +05.21260,            ~ ~ ,~           ,~           ,~           ,0
69,PN K       ,PN K 3-17,PN ,18 56 18.164 +07 07 25.88,18 53 52.455 +07 03 27.27,039.827548 +02.166544,            ~ ~ ,~           ,~           ,~           ,1
70,PN K       ,PN K 3-18,PN ,19 00 34.8294536644 -02 11 57.965374384,18 57 58.5458615079 -02 16 14.070046106,032.0147816904281 -03.0362401799543,-5.736 -5.190,~           ,~           ,~           ,0
71,PN K       ,PN K 3-19,PN ,19 01 36.575 -01 19 07.85,18 59 01.267 -01 23 28.60,032.917094 -02.864337,            ~ ~ ,~           ,~           ,~           ,0
72,PN K       ,PN K 3-20,PN ,19 02 10.1580699528 -01 48 45.405616140,18 59 34.3080628360 -01 53 08.227189190,032.5406484161460 -03.2137044230218,-3.963 -5.368,~           ,~           ,~           ,0
73,PN K       ,PN K 3-21,PN ,19 02 40.3917921480 +14 28 48.795625272,19 00 23.2139013659 +14 24 23.337558559,047.1022011887426 +04.1167854265517,-3.302 -8.125,~           ,~           ,~           ,0
74,PN K       ,PN K 3-22,Sy*,19 09 26.60 +12 00 44.6,19 07 06.36 +11 55 50.4,045.65906 +01.52320,            ~ ~ ,~           ,~           ,~           ,0
75,PN K       ,PN K 3-23,Em*,19 09 43.2290367600 +11 05 14.999633988,19 07 21.9186324130 +11 00 19.880925550,044.8693833315602 +01.0366240872009,-1.896 -3.718,~           ,~           ,~           ,2
76,PN K       ,PN K 3-24,PN ,19 12 05.88 +15 09 04.5,19 09 49.28 +15 03 59.1,048.74357 +02.39817,            ~ ~ ,~           ,~           ,~           ,0
77,PN K       ,PN K 3-25,Sy*,19 13 33.6913394808 +02 18 13.050792684,19 11 02.4269637109 +02 13 02.380823371,037.5129033076679 -03.8636187185441,-2.966 -6.101,~           ,~           ,~           ,1
78,PN K       ,PN K 3-26,PN ,19 14 39.178 +00 13 36.29,19 12 05.599 +00 08 20.86,035.787912 -05.059592,            ~ ~ ,~           ,~           ,~           ,0
79,PN K       ,PN K 3-27,PN ,19 14 29.9599679040 +28 40 45.294843108,19 12 30.8008427131 +28 35 29.393459943,061.0942541747275 +08.0706339291364,-0.676 -1.172,~           ,~           ,~           ,0
80,PN K       ,IRAS 19128+0227,Mi*,19 15 21.4742168904 +02 33 02.085158556,19 12 50.4777401643 +02 27 44.026720389,037.9397747212330 -04.1481909127962,-3.553 -7.684,~           ,~           ,~           ,1
81,PN K       ,PN K 3-29,PN ,19 15 30.5684625864 +14 03 49.876616808,19 13 12.5992528401 +13 58 30.365197789,048.1620156916972 +01.1630015184710,            ~ ~ ,~           ,~           ,~           ,0
82,PN K       ,PN K 3-30,PN ,19 16 27.6992127396 +05 13 19.413334064,19 13 59.6610774968 +05 07 56.568471359,040.4410318469026 -03.1573069820549,-3.786 -5.415,~           ,~           ,~           ,0
83,PN K       ,PN K 3-31,PN ,19 19 02.6456875992 +19 02 21.008706036,19 16 50.5432161234 +18 56 46.689199519,052.9618810307884 +02.7314432220151,            ~ ~ ,~           ,~           ,~           ,0
84,PN K       ,PN K 3-32,PN ,19 19 36.8833773192 +22 34 34.763036160,19 17 29.2139282639 +22 28 58.236619253,056.1606478346038 +04.2597703711077,-2.477 -5.867,~           ,~           ,~           ,1
85,PN K       ,PN K 3-33,PN ,19 22 26.6674857936 +10 41 21.260931252,19 20 04.6693234152 +10 35 33.554738517,045.9723290737155 -01.9129513738325,-3.137 -5.275,~           ,~           ,~           ,1
86,PN K       ,PN K 3-34,PN ,19 24 02.735 +25 18 47.56,19 21 58.438 +25 12 52.45,059.062697 +04.639245,            ~ ~ ,~           ,~           ,~           ,0
87,PN K       ,PN K 3-35,PN ,19 27 43.9749997920 +21 30 02.907990216,19 25 34.5998656702 +21 23 53.128015357,056.0958510012605 +02.0937945518065,-2.841 -3.958,~           ,~           ,~           ,0
88,PN K       ,PN K 3-36,PN ,19 32 39.557 +07 27 51.57,19 30 13.783 +07 21 22.19,044.320483 -05.660169,            ~ ~ ,~           ,~           ,~           ,0
89,PN K       ,PN K 3-37,PN ,19 33 46.75 +24 32 27.1,19 31 40.94 +24 25 52.6,059.43308 +02.33074,            ~ ~ ,~           ,~           ,~           ,0
90,PN K       ,PN K 3-38,PN ,19 35 18.354 +17 13 00.71,19 33 03.488 +17 06 20.34,053.199929 -01.533500,            ~ ~ ,~           ,~           ,~           ,0
91,PN K       ,PN K 3-39,PN ,19 35 54.469 +24 54 48.20,19 33 49.027 +24 48 05.12,059.993604 +02.088462,            ~ ~ ,~           ,~           ,~           ,0
92,PN K       ,PN K 3-40,PN ,19 36 21.81 +23 39 47.7,19 34 14.74 +23 33 02.8,058.95164 +01.38921,            ~ ~ ,~           ,~           ,~           ,0
93,PN K       ,PN K 3-41,PN ,19 39 15.86 +16 20 46.7,19 36 59.84 +16 13 50.6,052.90215 -02.78530,            ~ ~ ,~           ,~           ,~           ,0
94,PN K       ,PN K 3-42,PN ,19 39 35.785 +20 19 01.87,19 37 24.422 +20 12 04.26,056.401611 -00.903360,            ~ ~ ,~           ,~           ,~           ,0
95,PN K       ,PN K 3-43,PN ,19 40 25.908 +18 49 14.20,19 38 12.725 +18 42 13.33,055.195662 -01.811651,            ~ ~ ,~           ,~           ,~           ,0
96,PN K       ,V* FT Sge                          ,Mi*,19 40 54.3354180384 +18 44 48.151444920,19 38 41.0531942833 +18 37 45.679118947,055.1866525500839 -01.9456499666791,-2.325 -5.413,~           ,~           ,~           ,2
97,PN K       ,PN K 3-45,PN ,19 46 15.627 +24 11 03.67,19 44 08.667 +24 03 39.62,060.523629 -00.318338,            ~ ~ ,~           ,~           ,~           ,0
98,PN K       ,PN K 3-46,PN ,19 50 00.313 +33 45 51.84,19 48 06.140 +33 38 12.77,069.214172 +03.807482,            ~ ~ ,~           ,~           ,~           ,0
99,PN K       ,V* AA Vul                          ,Mi*,19 50 26.0477906880 +28 11 19.549038444,19 48 24.0073699952 +28 03 39.504058637,064.4517658328910 +00.8990812013165,-5.901 -8.951,~           ,~           ,~           ,2
100,PN K       ,PN K 3-48,PN ,19 52 09.126 +27 18 30.99,19 50 05.781 +27 10 43.88,063.889000 +00.122893,            ~ ~ ,~           ,~           ,~           ,0
101,PN K       ,PN K 3-49,PN ,19 54 00.6166935384 +33 22 12.491081616,19 52 05.5099240445 +33 14 18.230459567,069.2999819867972 +02.8887126471420,-3.375 -5.534,~           ,~           ,~           ,0
102,PN K       ,W 58a,HII,20 01 45.8 +33 32 43,19 59 50.2 +33 24 19,070.2929 +01.5998,            ~ ~ ,~           ,~           ,~           ,4
103,PN K       ,PN K 3-51,PN ,20 02 36.3437939620 +17 36 50.900740593,20 00 20.7995702176 +17 28 24.548214610,056.8293624766391 -06.9621269328660,-3.450 -6.663,~           ,~           ,~           ,0
104,PN K       ,PN K 3-52,PN ,20 03 11.44 +30 32 34.1,20 01 11.51 +30 24 04.7,067.90799 -00.24940,            ~ ~ ,~           ,~           ,~           ,0
105,PN K       ,PN K 3-53,PN ,20 03 22.46 +27 00 54.8,20 01 17.92 +26 52 24.9,064.94129 -02.15960,            ~ ~ ,~           ,~           ,~           ,0
106,PN K       ,PN K 3-54,PN ,20 04 58.6341865368 +25 26 37.272489324,20 02 52.0267429389 +25 18 01.591579847,063.8010208966964 -03.3005214220380,-2.247 -3.755,~           ,~           ,~           ,0
107,PN K       ,PN K 3-55,PN ,20 06 56.2756808832 +32 16 37.344147528,20 04 58.3847366860 +32 07 54.124940900,069.8006991591561 +00.0043617103748,-1.551 -4.753,~           ,~           ,~           ,1
108,PN K       ,PN K 3-56,PN ,20 06 55.385 +44 14 18.65,20 05 16.917 +44 05 34.67,079.914994 +06.423713,            ~ ~ ,~           ,~           ,~           ,0
109,PN K       ,PN K 3-57,PN ,20 12 47.725 +34 20 32.79,20 10 52.137 +34 11 27.60,072.199280 +00.104271,            ~ ~ ,~           ,~           ,~           ,0
110,PN K       ,PN K 3-58,PN ,20 21 58.279 +29 59 21.08,20 19 55.889 +29 49 42.87,069.676418 -03.940791,            ~ ~ ,~           ,~           ,~           ,0
111,PN K       ,PN K 3-59,Sy*,20 25 10.5859744584 +43 52 33.043244664,20 23 28.5853360653 +43 42 43.027367313,081.4323860901401 +03.4913929637169,-2.841 -3.135,~           ,~           ,~           ,1
112,PN K       ,PN K 3-60,PN ,21 27 26.47944 +57 39 06.1704,21 25 57.83471 +57 26 00.0702,098.26468222 +04.90660105,            ~ ~ ,~           ,~           ,~           ,0
113,PN K       ,PN K 3-61,PN ,21 30 00.7565699064 +54 27 27.195110712,21 28 23.9449568611 +54 14 14.427334571,096.3166740332941 +02.3468482327367,-2.564 -1.594,~           ,~           ,~           ,0
114,PN K       ,PN K 3-62,PN ,21 31 50.1857850312 +52 33 51.571785996,21 30 09.0277259047 +52 20 34.044482852,095.2205001499761 +00.7793146588269,-1.195 -1.594,~           ,~           ,~           ,1
115,PN K       ,PN K 3-63,PN ,21 39 11.976 +55 46 03.94,21 37 34.836 +55 32 27.19,098.171661 +02.428357,            ~ ~ ,~           ,~           ,~           ,0
116,PN K       ,PN K 3-64,PN ,04 13 27.255 +51 51 00.92,04 09 37.983 +51 43 24.26,151.401632 +00.511289,            ~ ~ ,~           ,~           ,~           ,0
117,PN K       ,PN K 3-65,PN ,04 15 54.53 +48 49 40.1,04 12 12.57 +48 42 13.2,153.77034 -01.40665,            ~ ~ ,~           ,~           ,~           ,0
118,PN K       ,PN K 3-66,PN ,04 36 37.2375115440 +33 39 30.074689980,04 33 22.1138320274 +33 33 26.876352418,167.4629792240695 -09.1108059827244,0.317 -0.384,~           ,~           ,~           ,0
119,PN K       ,PN K 3-67,PN ,04 39 47.92824 +36 45 42.6276,04 36 27.51163 +36 39 52.2240,165.54326889 -06.57372940,            ~ ~ ,~           ,~           ,~           ,0
120,PN K       ,PN K 3-68,PN ,05 31 35.856 +28 58 41.55,05 28 25.461 +28 56 30.79,178.326625 -02.571237,            ~ ~ ,~           ,~           ,~           ,0
121,PN K       ,PN K 3-69,PN ,05 41 22.1331492696 +39 15 07.885515492,05 37 54.0527774971 +39 13 38.662857827,170.7398437247934 +04.6505841159180,-1.602 5.994,~           ,~           ,~           ,0
122,PN K       ,PN K 3-70,PN ,05 58 45.3548777928 +25 18 43.910433216,05 55 40.0236296648 +25 18 31.701160895,184.6072289510097 +00.6670270294801,            ~ ~ ,~           ,~           ,~           ,0
123,PN K       ,PN K 3-71,PN ,06 13 54.983 +26 52 57.00,06 10 47.415 +26 53 50.97,184.891398 +04.404465,            ~ ~ ,~           ,~           ,~           ,0
124,PN K       ,PN K 3-72,PN ,06 23 54.880 +05 30 12.88,06 21 14.721 +05 31 51.42,204.883688 -03.577608,            ~ ~ ,~           ,~           ,~           ,0
125,PN K       ,PN K 3-73,PN ,20 03 59.953 +49 19 06.15,20 02 32.750 +49 10 32.76,084.023144 +09.506958,            ~ ~ ,~           ,~           ,~           ,0
126,PN K       ,PN Dd 1,PN ,20 08 43.080 +42 30 11.19,20 07 01.106 +42 21 20.64,078.615391 +05.221015,            ~ ~ ,~           ,~           ,~           ,0
127,PN K       ,PN KjPn 2,PN ,20 15 22.19 +40 34 44.6,20 13 35.93 +40 25 29.7,077.68060 +03.12779,            ~ ~ ,~           ,~           ,~           ,0
128,PN K       ,PN K 3-76,PN ,20 25 04.8731243568 +33 34 50.493566064,20 23 06.8693133299 +33 25 01.302501961,073.0059270314852 -02.4293028119635,-3.310 -3.926,~           ,~           ,~           ,0
129,PN K       ,PN Sd 1,PN ,20 29 18.931 +40 15 20.60,20 27 30.135 +40 05 16.09,078.929897 +00.763374,            ~ ~ ,~           ,~           ,~           ,0
130,PN K       ,PN K 3-78,PN ,20 45 22.6885835640 +50 22 39.860086116,20 43 49.4669732964 +50 11 40.598299171,088.7135686654914 +04.6195795426641,0.830 -2.667,~           ,~           ,~           ,0
131,PN K       ,PN K 3-79,PN ,20 53 13.535 +53 45 41.76,20 51 46.053 +53 34 16.78,092.117747 +05.806993,            ~ ~ ,~           ,~           ,~           ,0
132,PN K       ,PN K 3-80,PN ,21 07 39.6753400584 +40 57 52.461420552,21 05 45.5765538106 +40 45 43.856976891,084.0667707712234 -04.4394340475526,-5.556 -8.416,~           ,~           ,~           ,0
133,PN K       ,PN G083.9-08.4,PN ,21 22 15.3740871840 +38 07 15.233840364,21 20 14.9619226572 +37 54 24.273834816,083.9382369672179 -08.4370853696074,-3.676 -4.004,~           ,~           ,~           ,0
134,PN K       ,PN K 3-82,PN ,21 30 51.4752874224 +50 00 08.465774400,21 29 06.0053733276 +49 46 53.733255836,093.3612064724225 -00.9899825436690,-3.606 -3.790,~           ,~           ,~           ,0
135,PN K       ,PN K 3-83,PN ,21 35 43.83 +50 54 16.2,21 33 58.52 +50 40 48.5,094.54295 -00.85143,            ~ ~ ,~           ,~           ,~           ,0
136,PN K       ,PN K 3-84,PN ,21 38 49.0020569208 +46 00 27.693716004,21 36 55.2960628232 +45 46 52.342769074,091.6488008780342 -04.8373669362713,-2.557 -2.184,~           ,~           ,~           ,0
137,PN K       ,PN K 3-85,Em*,22 50 52.3762670112 +59 30 19.154087892,22 48 52.6105378810 +59 14 23.783359577,108.1694517465641 +00.1342798661778,-2.597 -1.650,~           ,~           ,~           ,1
138,PN K       ,PN K 3-86,PN ,22 54 45.22 +54 56 01.3,22 52 38.47 +54 40 00.9,106.62468 -04.20073,            ~ ~ ,~           ,~           ,~           ,0
139,PN K       ,PN K 3-87,PN ,22 55 06.9347561376 +56 42 31.022604684,22 53 01.8914152582 +56 26 30.241923278,107.4422043405985 -02.6237067340901,-1.859 -0.986,~           ,~           ,~           ,0
140,PN K       ,PN K 3-88,PN ,23 12 15.494 +64 39 17.73,23 10 11.331 +64 22 58.36,112.567112 +03.797922,            ~ ~ ,~           ,~           ,~           ,0
141,PN K       ,PN KjPn 8,PN ,23 24 10.472 +60 57 30.75,23 21 55.906 +60 41 01.76,112.538700 -00.140049,            ~ ~ ,~           ,~           ,~           ,0
142,PN K       ,PN K 3-90,PN ,01 24 58.6160331768 +65 38 36.098144520,01 21 32.7534469278 +65 22 59.530265943,126.3844028607819 +02.9966855378419,-2.254 0.368,~           ,~           ,~           ,0
143,PN K       ,PN K 3-91,PN ,01 58 36.2694921336 +66 33 58.497384240,01 54 47.8169087765 +66 19 23.671264117,129.5502087043116 +04.5614288158202,            ~ ~ ,~           ,~           ,~           ,0
144,PN K       ,PN K 3-92,PN ,02 03 41.171 +64 57 37.88,01 59 55.337 +64 43 14.14,130.483821 +03.153450,            ~ ~ ,~           ,~           ,~           ,0
145,PN K       ,PN K 3-93,PN ,02 26 30.015 +65 47 53.09,02 22 29.100 +65 34 23.77,132.473756 +04.703009,            ~ ~ ,~           ,~           ,~           ,0
146,PN K       ,PN K 3-94,PN ,03 36 08.086 +60 03 46.29,03 32 01.379 +59 53 50.59,142.149676 +03.487347,            ~ ~ ,~           ,~           ,~           ,0
147,PN K       ,PN K 4-1,*  ,18 16 32.5775747256 +01 53 02.999676480,18 14 00.9869839815 +01 51 56.490917044,030.6213927186407 +08.6213691813924,-2.562 -5.488,~           ,~           ,~           ,2
148,PN K       ,PN K 4-2,Mi*,18 32 15.1613553984 +07 14 05.297206740,18 29 49.7746065881 +07 11 50.281215536,037.2277753603334 +07.5416781095450,-3.755 -6.611,~           ,~           ,~           ,2
149,PN K       ,PN K 4-3,LP?,18 33 49.5862349112 +05 53 07.097305344,18 31 22.6088042410 +05 50 45.357945977,036.1887237218984 +06.5874017652129,-2.793 -7.300,-81.45,-0.000272,-81.44,2
150,PN K       ,PN K 4-4,*  ,18 44 10.4992918200 +06 46 55.108071120,18 41 44.5034789094 +06 43 48.587662270,038.1564466738675 +04.6949091508694,-2.749 -5.127,~           ,~           ,~           ,2
151,PN K       ,PN K 4-5,PN ,18 45 36.655 -06 18 40.08,18 42 55.590 -06 21 52.48,026.651322 -01.583668,            ~ ~ ,~           ,~           ,~           ,0
152,PN K       ,[KW97] 35-4,TT*,18 48 18.922 +01 43 06.64,18 45 47.070 +01 39 42.31,034.105837 +01.478083,            ~ ~ ,~           ,~           ,~           ,1
153,PN K       ,EM* AS 323,Sy*,18 48 35.6762506560 -06 41 10.442596488,18 45 54.2042850375 -06 44 35.403946851,026.6547301823261 -02.4143051698747,-2.967 -4.330,~           ,~           ,~           ,1
154,PN K       ,PN K 4-8,PN ,18 54 20.0197786200 -08 47 33.234394848,18 51 36.1404775879 -08 51 22.827283781,025.4175099728445 -04.6353119136661,            ~ ~ ,-91.60,-0.000305,-91.59,0
155,PN K       ,PN K 4-9,*  ,18 53 41.1714084912 +28 32 12.473717136,18 51 42.6813049264 +28 28 23.198055894,058.9656336541207 +12.1319666669811,9.553 16.799,~           ,~           ,~           ,1
156,PN K       ,PN K 4-10,PN ,18 59 03.7591234632 +20 37 01.120490616,18 56 54.2799476276 +20 32 50.450293752,052.2315027164729 +07.6344757963671,-3.268 -4.161,~           ,~           ,~           ,0
157,PN K       ,PN K 4-11,*  ,19 03 33.9693498840 +08 44 24.259227648,19 01 10.0399740255 +08 39 54.595010629,042.0875069362887 +01.3040877958529,-0.419 5.428,~           ,~           ,~           ,2
158,PN K       ,EM* AS 338,Sy*,19 03 46.8372052248 +16 26 16.971438912,19 01 31.9996132590 +16 21 46.712122191,048.9741011541411 +04.7658790809064,-2.699 -7.038,~           ,~           ,~           ,2
159,PN K       ,PN K 4-13,LP?,19 04 11.2111077168 +10 10 46.569811944,19 01 48.9360931330 +10 06 14.650803451,043.4378597340074 +01.8271529147763,-1.032 -2.891,~           ,~           ,~           ,2
160,PN K       ,V* V1561 Aql,Mi*,19 04 39.5533145688 +01 22 17.881625280,19 02 07.2863511455 +01 17 44.268961982,035.6617134455984 -02.3144746098316,-5.499 -1.862,~           ,~           ,~           ,2
161,PN K       ,PN K 4-15,*  ,19 04 54.2636156232 +00 20 23.784461880,19 02 20.8361050546 +00 15 49.298316779,034.7712559988466 -02.8406328309342,-4.703 -4.212,113.41,0.000378,113.43,2
162,PN K       ,PN K 4-16,PN ,19 04 51.5055791208 +15 47 39.125257584,19 02 35.8466271380 +15 43 04.100745790,048.5161517460394 +04.2432662652685,1.216 -1.855,~           ,~           ,~           ,0
163,PN K       ,PN K 4-17,PN?,19 09 24.5 -01 09 05,19 06 49.4 -01 13 59,033.9566 -04.5231,            ~ ~ ,~           ,~           ,~           ,1
164,PN K       ,IRAS 19096+0232,LP*,19 12 09.1163937648 +02 37 57.117637452,19 09 38.2140533497 +02 32 52.099522636,037.6432261637634 -03.3997045651690,-0.035 -2.060,~           ,~           ,~           ,1
165,PN K       ,PN K 4-19,PN ,19 13 22.6022844000 +03 25 00.209394048,19 10 52.5735504926 +03 19 50.160321139,038.4815619437046 -03.3099938860412,-2.248 -3.989,~           ,~           ,~           ,0
166,PN K       ,PN K 4-20,*  ,19 13 31.6239689592 +07 27 21.817929924,19 11 06.1076182242 +07 22 10.823617949,042.0838253605284 -01.4755813920685,-0.395 -0.651,~           ,~           ,~           ,1
167,PN K       ,HaroChavira 58,Mi*,19 14 30.3865951992 +10 50 45.627073728,19 12 08.7076960386 +10 45 30.587509596,045.1991120700095 -00.1163639461210,-0.369 -3.718,~           ,~           ,~           ,1
168,PN K       ,PN K 4-22,LP*,19 17 48.2491934952 +02 49 14.549359080,19 15 17.5433405258 +02 43 46.428995527,038.4628019716665 -04.5655383249499,-4.742 -9.146,~           ,~           ,~           ,2
169,PN K       ,PN K 4-23,LP*,19 18 34.7511883080 +14 59 51.238759704,19 16 17.8091088874 +14 54 19.247870106,049.3346216230058 +00.9413383851617,-1.777 -4.981,~           ,~           ,~           ,2
170,PN K       ,PN K 4-24,LP?,19 21 14.8193455128 +14 06 10.519193736,19 18 56.7594433833 +14 00 27.465713044,048.8472969865426 -00.0484397458707,-1.629 -2.648,~           ,~           ,~           ,2
171,PN K       ,PN K 4-25,Mi*,19 22 25.0082117640 +00 12 38.826790884,19 19 51.4103195905 +00 06 51.657852255,036.6690753196275 -06.7914720513434,-1.726 -6.020,~           ,~           ,~           ,2
172,PN K       ,V* V850 Aql,Sy*,19 23 34.6735036344 +00 37 58.529238492,19 21 01.5388258957 +00 32 06.498003610,037.1810578497785 -06.8549429479523,-2.738 -4.250,~           ,~           ,~           ,0
173,PN K       ,V* V976 Aql,Mi*,19 30 18.5479939776 +11 23 35.310411420,19 27 57.1656482290 +11 17 15.459201072,047.5083761014583 -03.2785847322312,0.084 -3.585,~           ,~           ,~           ,1
174,PN K       ,PN K 4-28,PN ,19 30 16.668 +14 47 21.84,19 27 59.148 +14 41 01.81,050.489731 -01.646663,            ~ ~ ,~           ,~           ,~           ,0
175,PN K       ,PN K 4-29,Mi*,19 30 38.8271292792 +23 03 34.477896924,19 28 31.2889720588 +22 57 12.907688272,057.7885243577225 +02.2460242678245,-3.783 -5.603,~           ,~           ,~           ,1
176,PN K       ,PN K 4-30,PN?,19 33 09.0268479960 +22 58 33.635989200,19 31 01.2577991733 +22 52 01.864120982,057.9924921863116 +01.7008526655730,-2.732 -3.362,~           ,~           ,~           ,0
177,PN K       ,V* V998 Aql,Mi*,19 37 04.6896678024 +13 41 12.813199260,19 34 45.7193097268 +13 34 25.824752622,050.3191283763456 -03.6219686394887,-2.216 -6.789,~           ,~           ,~           ,1
178,PN K       ,[AHB74] Red 22,LP*,19 42 07.8804138144 +24 30 01.958745240,19 40 01.5724432857 +24 22 54.482133509,060.3281560346382 +00.6544484543737,-3.689 -6.827,~           ,~           ,~           ,1
179,PN K       ,PN K 4-33,LP?,19 45 43.3562568552 +28 38 07.829754216,19 43 42.2473700146 +28 30 46.052049284,064.3143732794396 +02.0189027691146,-4.456 -7.022,-8.01,-0.000027,-8.01,2
180,PN K       ,PN K 4-34,LP*,19 46 26.0055774984 +17 01 02.399953116,19 44 10.4950226111 +16 53 38.218344506,054.3368710875450 -03.9456890209957,-3.627 -5.647,~           ,~           ,~           ,2
181,PN K       ,PN K 4-35,Mi*,19 48 53.3837904600 +20 07 07.729001184,19 46 41.3560823985 +19 59 33.812091386,057.3168214917073 -02.8922853029747,-2.784 -5.120,~           ,~           ,~           ,2
182,PN K       ,PN K 4-36,LP*,19 49 33.8937813072 +05 18 39.850340220,19 47 05.5904164254 +05 11 03.874028057,044.4435950685728 -10.3783028026708,-4.036 -6.464,~           ,~           ,~           ,2
183,PN K       ,PN K 4-37,PN ,19 51 00.6009539040 +31 02 28.885506504,19 49 02.4057924530 +30 54 46.284267782,066.9717688983705 +02.2435518232094,-3.035 -4.910,~           ,~           ,~           ,0
184,PN K       ,PN K 4-38,LP*,19 51 21.0600062496 +19 57 33.242974200,19 49 08.7238255800 +19 49 49.797316153,057.4721855942621 -03.4715621654796,-2.671 -5.698,~           ,~           ,~           ,1
185,PN K       ,PN K 4-39,*  ,19 53 05.7562221888 +23 13 36.026407668,19 50 57.2154757130 +23 05 45.610610277,060.4926456039054 -02.1525418048458,-1.275 -3.631,~           ,~           ,~           ,2
186,PN K       ,IRAS 19521+2449,Mi*,19 54 15.0946177200 +24 57 51.621758208,19 52 08.6114478416 +24 49 56.425914728,062.1196090068049 -01.4856709615959,1.859 1.611,~           ,~           ,~           ,1
187,PN K       ,PN K 4-41,PN ,19 56 34.027 +32 22 12.96,19 54 37.227 +32 14 08.66,068.720314 +01.912732,            ~ ~ ,~           ,~           ,~           ,0
188,PN K       ,PN K 4-42,LP*,20 06 40.7182142520 +25 00 11.497213584,20 04 33.4560205242 +24 51 29.483917951,063.6340779219626 -03.8611803172609,-2.994 -3.996,~           ,~           ,~           ,2
189,PN K       ,PN K 4-43,PN?,20 28 08.674 +22 51 08.41,20 25 57.360 +22 41 08.61,064.558327 -09.137337,            ~ ~ ,~           ,~           ,~           ,1
190,PN K       ,PN K 4-44,PoC,21 00 30.7216645704 +54 32 46.294343088,20 59 03.1043491255 +54 20 58.417056142,093.4118337045935 +05.4988353131622,            ~ ~ ,~           ,~           ,~           ,1
191,PN K       ,PN K 4-45,Y*O,21 35 21.061 +53 47 11.21,21 33 41.164 +53 33 44.37,096.435263 +01.323109,            ~ ~ ,~           ,~           ,~           ,2
192,PN K       ,V* LL Cas                          ,Mi*,23 09 20.1645569592 +54 44 50.045781480,23 07 07.4665149568 +54 28 33.528383449,108.4688309106569 -05.2318262790202,-1.466 -0.651,~           ,~           ,~           ,2
193,PN K       ,PN K 4-47,PN ,04 20 45.2219082336 +56 18 12.115113336,04 16 41.1253898071 +56 11 03.610166112,149.0656440031580 +04.4518579628403,            ~ ~ ,~           ,~           ,~           ,0
194,PN K       ,PN K 4-48,PN ,06 39 55.842 +11 06 30.34,06 37 09.144 +11 09 18.05,201.738878 +02.523110,            ~ ~ ,~           ,~           ,~           ,0
195,PN K       ,PN K 4-50,PN ,06 47 04.1740638480 +04 37 17.702245272,06 44 25.1126795600 +04 40 36.370897390,208.3210238469041 +01.1364328910786,-0.182 0.075,~           ,~           ,~           ,0
196,PN K       ,EM* AS 389,Em*,20 12 24.0202254000 +40 45 29.436703596,20 10 38.4666899601 +40 36 25.756193135,077.5195229271378 +03.6963775259650,0.651 -7.048,~           ,~           ,~           ,0
197,PN K       ,PN KjPn 3,PN?,20 17 15.4626454992 +38 50 23.792723448,20 15 26.1115041701 +38 41 02.334490871,076.4374107881543 +01.8574429333422,-0.560 -3.514,~           ,~           ,~           ,0
198,PN K       ,PN K 4-53,PN ,20 42 16.744 +37 40 25.58,20 40 22.163 +37 29 37.01,078.379263 -02.801663,            ~ ~ ,~           ,~           ,~           ,0
199,PN K       ,PN K 4-54,LP*,20 42 53.2835158464 +45 56 31.121420892,20 41 11.8449982400 +45 45 40.430716363,084.9635662749652 +02.2035089840358,-3.179 -5.024,~           ,~           ,~           ,2
200,PN K       ,PN K 4-55,PN ,20 45 10.021 +44 39 14.58,20 43 25.842 +44 28 16.17,084.200360 +01.091142,            ~ ~ ,~           ,~           ,~           ,0
201,PN K       ,EM* UHA 78,Em*,20 55 44.3119412496 +46 33 13.176844272,20 54 01.3485257288 +46 21 40.752000057,086.8419498956001 +00.8680673028905,-2.237 -2.886,~           ,~           ,~           ,1
202,PN K       ,PN K 4-57,PN ,22 48 34.3251773808 +58 29 08.268148248,22 46 34.2528883026 +58 13 15.960491669,107.4453269344680 -00.6423791880825,-1.952 -1.349,~           ,~           ,~           ,0
203,PN K       ,PN KjPn 6,PN ,22 49 02.1772528824 +67 01 38.252539812,22 47 16.6966683345 +66 45 45.131915011,111.3865405288630 +06.9404500268063,-1.251 -0.474,~           ,~           ,~           ,0
204,PN K       ,PN K 4-59,Em*,01 30 33.0775405464 +60 31 19.497646524,01 27 14.8313023923 +60 15 52.148903960,127.7288847715161 -01.9848586684179,3.197 -3.493,~           ,~           ,~           ,2
205,PN K       ,IRAS 02044+6031,Y*O,02 08 05.0355540072 +60 46 00.603102324,02 04 29.0999115508 +60 31 46.926716903,132.1568056277666 -00.7247627037500,-1.734 0.388,~           ,~           ,~           ,1
206,PN K       ,PN K 5-1,PN ,17 29 52.3627254360 -26 11 13.611944904,17 26 46.0731009361 -26 08 55.322048809,000.4575877284501 +04.4185350714993,-3.123 -2.963,~           ,~           ,~           ,1
207,PN K       ,PN Al 2-E,PN ,17 30 14.4363597912 -27 30 20.385097740,17 27 06.2144953260 -27 28 03.764446442,359.3969176919706 +03.6274364101448,            ~ ~ ,-49,-0.000163,-49.00,0
208,PN K       ,PN K 5-3,PN ,17 30 41.198 -23 45 00.40,17 27 38.307 -23 42 45.91,002.608646 +05.593845,            ~ ~ ,~           ,~           ,~           ,0
209,PN K       ,WRAY 16-286,PN ,17 33 00.67 -36 43 51.8,17 29 37.45 -36 41 46.6,351.99247 -01.91148,            ~ ~ ,~           ,~           ,~           ,0
210,PN K       ,PN G001.5+03.6,PN ,17 35 22.074 -25 42 46.48,17 32 16.348 -25 40 52.20,001.528896 +03.638311,            ~ ~ ,~           ,~           ,~           ,0
211,PN K       ,PN K 5-6,PN ,17 35 31.28 -23 11 48.8,17 32 29.07 -23 09 55.3,003.67700 +04.95868,            ~ ~ ,~           ,~           ,~           ,0
212,PN K       ,PN G003.1+04.1,PN ,17 37 20.167 -24 03 27.84,17 34 16.741 -24 01 42.20,003.169625 +04.147496,            ~ ~ ,~           ,~           ,~           ,0
213,PN K       ,PN K 5-8,Sy*,17 39 17.1500502264 -35 46 59.308763160,17 35 55.4778153823 -35 45 21.122824031,353.4730352517743 -02.4678934025578,-4.794 -7.055,~           ,~           ,~           ,0
214,PN K       ,PN RPZM 30,PN ,17 40 30.5 -33 29 57,17 37 12.7 -33 28 25,355.5434 -01.4686,            ~ ~ ,~           ,~           ,~           ,0
215,PN K       ,PN G001.9+02.3,PN ,17 41 24.52 -26 03 53.4,17 38 18.20 -26 02 25.4,001.95541 +02.30104,            ~ ~ ,~           ,~           ,~           ,0
216,PN K       ,PN G002.3+02.2,PN ,17 42 30.10 -25 45 28.7,17 39 24.20 -25 44 05.5,002.34602 +02.25373,            ~ ~ ,~           ,~           ,~           ,1
217,PN K       ,PN G353.5-03.3,PN?,17 42 50.65 -36 13 35.2,17 39 28.10 -36 12 12.8,353.47622 -03.31311,            ~ ~ ,~           ,~           ,~           ,0
218,PN K       ,Terz N 1580,PN ,17 43 39.442 -25 36 42.51,17 40 33.742 -25 35 24.32,002.607248 +02.108754,            ~ ~ ,~           ,~           ,~           ,0
219,PN K       ,PN PBOZ 11,PN ,17 44 32.586 -24 13 28.12,17 41 28.837 -24 12 13.87,003.896137 +02.662531,            ~ ~ ,~           ,~           ,~           ,0
220,PN K       ,PN G002.6+01.7,CV*,17 45 08.6 -25 44 01,17 42 02.7 -25 42 49,002.6784 +01.7596,            ~ ~ ,~           ,~           ,~           ,0
221,PN K       ,Terz N 1567,PN ,17 45 28.311 -25 38 10.41,17 42 22.555 -25 37 00.13,002.800099 +01.747182,            ~ ~ ,~           ,~           ,~           ,0
222,PN K       ,PN PBOZ 16,PN ,17 47 31.930 -24 13 07.05,17 44 28.160 -24 12 05.84,004.255189 +02.083088,            ~ ~ ,~           ,~           ,~           ,0
223,PN K       ,PN G355.0-03.7,PN ,17 48 29.600 -35 05 30.14,17 45 08.960 -35 04 32.49,355.044310 -03.706233,            ~ ~ ,~           ,~           ,~           ,0
224,PN K       ,PN G005.1+02.0,PN ,17 49 51.282 -23 27 44.27,17 46 48.546 -23 26 53.24,005.177579 +02.016999,            ~ ~ ,~           ,~           ,~           ,0
225,PN K       ,PN G356.8-03.0,PN ,17 50 10.734 -33 14 17.97,17 46 53.227 -33 13 27.80,356.817975 -03.056882,            ~ ~ ,~           ,~           ,~           ,0
226,PN K       ,GSC2 S222211017100,Em*,17 02 35.010 -30 19 14.80,16 59 23.492 -30 14 59.50,353.588140 +06.957206,            ~ ~ ,~           ,~           ,~           ,0
227,PN K       ,PN K 5-22,PN ,17 06 11.24 -31 18 02.4,17 02 58.06 -31 14 02.3,353.26741 +05.75002,            ~ ~ ,~           ,~           ,~           ,0
228,PN K       ,PN K 5-23,PN ,17 08 34.2002418888 -35 48 06.777303948,17 05 13.5656928378 -35 44 16.547781427,349.9441972780094 +02.6636736167370,            ~ ~ ,~           ,~           ,~           ,0
229,PN K       ,PN K 5-24,PN ,17 09 04.29 -35 05 18.2,17 05 44.85 -35 01 30.2,350.57892 +03.00663,            ~ ~ ,~           ,~           ,~           ,0
230,PN K       ,PN K 5-25,PN ,17 09 25.71 -24 43 16.2,17 06 22.00 -24 39 30.3,359.05074 +09.05438,            ~ ~ ,~           ,~           ,~           ,0
231,PN K       ,PN K 5-26,PN ,17 15 00.06 -34 17 38.6,17 11 41.69 -34 14 15.9,351.93997 +02.48865,            ~ ~ ,~           ,~           ,~           ,0
232,PN K       ,PN K 5-27,PN ,17 15 50.04 -22 30 00.6,17 12 49.17 -22 26 42.1,001.74543 +09.12785,            ~ ~ ,~           ,~           ,~           ,0
233,PN K       ,PN K 5-28,PN ,17 16 14.2662584376 -30 55 36.432844608,17 13 01.2879542666 -30 52 18.921567895,354.8395769548450 +04.2287836731405,-3.101 -6.633,~           ,~           ,~           ,0
234,PN K       ,PN K 5-29,PN ,17 17 02.88 -31 29 30.6,17 13 48.98 -31 26 16.9,354.47701 +03.76137,            ~ ~ ,~           ,~           ,~           ,0
235,PN K       ,PN K 5-30,PN ,17 19 26.2485538481 -22 48 11.416784891,17 16 24.8997922190 -22 45 08.375799987,001.9663424609098 +08.2703514797315,-5.070 -0.739,~           ,~           ,~           ,0
236,PN K       ,PN K 5-31,PN ,17 22 12.99 -29 52 37.1,17 19 01.42 -29 49 45.7,356.44144 +03.77002,            ~ ~ ,~           ,~           ,~           ,0
237,PN K       ,PN K 5-32,PN ,17 41 59.84 -23 33 57.2,17 38 57.04 -23 32 31.9,004.15322 +03.50303,            ~ ~ ,~           ,~           ,~           ,0
238,PN K       ,PN PBOZ 10,PN ,17 44 29.9428526952 -27 20 40.394660856,17 41 21.7081703102 -27 19 25.748842924,001.2286923443770 +01.0415371129757,2.528 -0.621,~           ,~           ,~           ,0
239,PN K       ,PN K 5-34,PN ,17 52 23.07 -35 04 17.4,17 49 02.42 -35 03 36.8,355.46792 -04.38120,            ~ ~ ,~           ,~           ,~           ,0
240,PN K       ,2MASS J17541883-2736357,Y*?,17 54 18.8409159912 -27 36 35.808300792,17 51 10.1353642245 -27 36 04.074392269,002.1208502338130 -00.9618327068473,-0.061 0.657,~           ,~           ,~           ,1
241,PN K       ,PN K 5-36,PN ,17 57 00.57 -36 15 18.0,17 53 37.80 -36 14 57.5,354.90978 -05.78619,            ~ ~ ,~           ,~           ,~           ,0
242,PN K       ,PN G356.2-05.1,PN ,17 57 15.66 -34 47 34.4,17 53 55.46 -34 47 15.1,356.21163 -05.10732,            ~ ~ ,~           ,~           ,~           ,0
243,PN K       ,PN K 5-38,PN ,18 00 04.34 -37 17 02.0,17 56 39.68 -37 16 54.8,354.30989 -06.82508,            ~ ~ ,~           ,~           ,~           ,0
244,PN K       ,PN K 5-39,PN ,18 05 14.53 -36 55 50.4,18 01 50.52 -36 56 05.9,355.12163 -07.55897,            ~ ~ ,~           ,~           ,~           ,0
245,PN K       ,PN HDW 8,PN ,17 31 47.3 -28 42 04,17 28 37.3 -28 39 54,358.5819 +02.6877,            ~ ~ ,~           ,~           ,~           ,1
246,PN K       ,PN K 6-2,PN ,17 33 50.871 -30 42 36.75,17 30 37.715 -30 40 35.59,357.139592 +01.218297,            ~ ~ ,~           ,~           ,~           ,0
247,PN K       ,PN G353.8-01.2,PN ,17 35 27.36 -34 47 41.5,17 32 07.48 -34 45 47.1,353.88904 -01.27854,            ~ ~ ,~           ,~           ,~           ,0
248,PN K       ,PN K 6-4,PN ,17 37 42.929 -27 49 09.55,17 34 34.100 -27 47 25.36,000.030360 +02.066185,            ~ ~ ,~           ,~           ,~           ,0
249,PN K       ,PN G354.6-01.7,PN ,17 38 54.316 -34 27 39.30,17 35 34.925 -34 25 59.89,354.551710 -01.698252,            ~ ~ ,~           ,~           ,~           ,0
250,PN K       ,WR 99,WR*,17 39 18.2709399528 -28 15 08.437669884,17 36 08.7862344819 -28 13 30.999841648,359.8511564102594 +01.5385712214067,-3.915 -2.823,~           ,~           ,~           ,0
251,PN K       ,PN G000.5+01.9,PN ,17 39 31.219 -27 27 46.77,17 36 22.888 -27 26 10.46,000.545257 +01.918066,            ~ ~ ,~           ,~           ,~           ,0
252,PN K       ,PN G000.2+01.7,PN ,17 39 39.253 -27 47 23.56,17 36 30.437 -27 45 47.81,000.284006 +01.719192,            ~ ~ ,~           ,~           ,~           ,0
253,PN K       ,PN G355.4-01.4,PN ,17 40 00.347 -33 35 32.29,17 36 42.401 -33 33 57.73,355.408840 -01.429257,            ~ ~ ,~           ,~           ,~           ,0
254,PN K       ,PN K 6-10,PN ,17 43 16.950 -26 44 17.54,17 40 09.628 -26 42 57.65,001.603412 +01.589896,            ~ ~ ,~           ,~           ,~           ,0
255,PN K       ,PN K 6-11,PN ,17 44 35.434 -36 14 01.67,17 41 12.839 -36 12 46.92,353.654097 -03.617348,            ~ ~ ,~           ,~           ,~           ,0
256,PN K       ,PN K 6-12,PN ,17 47 17.8 -33 15 39,17 44 00.3 -33 14 36,356.4887 -02.5515,            ~ ~ ,~           ,~           ,~           ,0
257,PN K       ,PN G353.4-04.5,PN ,17 48 01.1359272984 -36 50 09.266662320,17 44 37.4171790345 -36 49 09.069260404,353.4935256199875 -04.5179771246297,-3.393 -7.321,~           ,~           ,~           ,0
258,PN K       ,PN G003.9+01.6,PN ,17 48 28.465 -24 41 25.07,17 45 24.024 -24 40 27.95,003.961663 +01.656018,            ~ ~ ,~           ,~           ,~           ,0
259,PN K       ,PN RPZM 43,PN ,17 51 48.829 -30 02 32.35,17 48 36.446 -30 01 49.52,359.746652 -01.725100,            ~ ~ ,~           ,~           ,~           ,0
260,PN K       ,PN G358.6-02.4,PN ,17 52 00.342 -31 17 49.92,17 48 45.981 -31 17 07.85,358.686893 -02.399493,            ~ ~ ,~           ,~           ,~           ,0
261,PN K       ,PN G001.5-00.7,PN ,17 52 08.717 -28 02 16.56,17 48 59.388 -28 01 35.29,001.508615 -00.766019,            ~ ~ ,~           ,~           ,~           ,0
262,PN K       ,PN K 6-18,PN ,17 07 28.60 -36 23 44.5,17 04 06.99 -36 19 49.6,349.33551 +02.48582,            ~ ~ ,~           ,~           ,~           ,0
263,PN K       ,PN K 6-19,PN ,17 07 19.85 -24 49 13.6,17 04 16.07 -24 45 18.7,358.68752 +09.38308,            ~ ~ ,~           ,~           ,~           ,0
264,PN K       ,PN K 6-20,PN ,17 08 44.96 -27 31 04.2,17 05 37.33 -27 27 15.2,356.66784 +07.54276,            ~ ~ ,~           ,~           ,~           ,1
265,PN K       ,PN K 6-21,PN ,17 10 43.18 -30 32 28.4,17 07 30.99 -30 28 47.6,354.46085 +05.41717,            ~ ~ ,~           ,~           ,~           ,1
266,PN K       ,PN K 6-22,PN ,17 12 39.29 -30 21 40.4,17 09 27.30 -30 18 07.9,354.85271 +05.18459,            ~ ~ ,~           ,~           ,~           ,1
267,PN K       ,PN K 6-23,PN ,17 15 48.5426084325 -35 10 34.783291564,17 12 28.6521273267 -35 07 15.508562032,351.3182527712855 +01.8405808285117,            ~ ~ ,~           ,~           ,~           ,1
268,PN K       ,PN PBOZ 5,PN?,17 27 38.560 -25 22 27.18,17 24 33.462 -25 19 59.43,000.862675 +05.284503,            ~ ~ ,~           ,~           ,~           ,1
269,PN K       ,PN K 6-25,PN ,17 29 53.34 -29 57 10.9,17 26 41.45 -29 54 52.6,357.30660 +02.34752,            ~ ~ ,~           ,~           ,~           ,0
270,PN K       ,PN K 6-26,PN ,17 33 07.05 -23 28 02.9,17 30 04.51 -23 25 59.0,003.15023 +05.27874,            ~ ~ ,~           ,~           ,~           ,1
271,PN K       ,PN K 6-27,PN ,17 35 54.10 -22 19 58.6,17 32 53.06 -22 18 06.8,004.45726 +05.34622,            ~ ~ ,~           ,~           ,~           ,0
272,PN K       ,PN PBOZ 24,PN ,17 37 51.1438513104 -25 20 45.457581768,17 34 45.9095563062 -25 19 01.712743836,002.1400705496587 +03.3614577782817,-2.458 -5.760,~           ,~           ,~           ,1
273,PN K       ,PN K 6-29,PN ,17 49 39.85 -24 32 13.7,17 46 35.62 -24 31 21.8,004.23220 +01.50291,            ~ ~ ,~           ,~           ,~           ,0
274,PN K       ,PN K 6-30,PN ,17 52 12.37 -32 32 57.9,17 48 55.98 -32 32 16.6,357.62874 -03.07234,            ~ ~ ,~           ,~           ,~           ,0
275,PN K       ,PN K 6-31,PN ,17 52 36.56 -31 16 31.9,17 49 22.23 -31 15 52.5,358.77116 -02.49956,            ~ ~ ,~           ,~           ,~           ,1
276,PN K       ,PN K 6-32,PN ,17 53 39.92 -34 43 39.6,17 50 19.86 -34 43 04.6,355.89852 -04.43480,            ~ ~ ,~           ,~           ,~           ,1
277,PN K       ,PN K 6-33,PN ,17 53 45.41 -22 54 03.9,17 50 43.42 -22 53 29.9,006.11787 +01.53136,            ~ ~ ,~           ,~           ,~           ,1
278,PN K       ,PN K 6-34,PN ,17 54 41.10 -31 31 43.2,17 51 26.35 -31 31 12.8,358.77663 -03.00968,            ~ ~ ,~           ,~           ,~           ,0
279,PN K       ,PN K 6-35,PN ,17 55 43.30 -29 04 07.2,17 52 32.39 -29 03 41.5,001.01719 -01.96510,            ~ ~ ,~           ,~           ,~           ,1
280,PN K       ,PN K 6-36,PN ,17 55 52.88 -30 15 42.0,17 52 40.13 -30 15 16.9,000.00236 -02.59456,            ~ ~ ,~           ,~           ,~           ,0
281,PN K       ,WRAY 17-104,PN ,17 58 25.91 -33 04 59.9,17 55 08.75 -33 04 50.3,357.82279 -04.47178,-38 90,~           ,~           ,~           ,1
282,PN K       ,PN K 6-38,PN ,17 59 59.10 -32 35 57.8,17 56 42.59 -32 35 50.5,358.40648 -04.51659,            ~ ~ ,~           ,~           ,~           ,0
283,PN K       ,PN K 6-39,PN ,18 03 05.0893512144 -27 46 44.260249764,17 59 56.1072353042 -27 46 50.839903395,002.9423351816524 -02.7292633018744,            ~ ~ ,~           ,~           ,~           ,1
284,PN K       ,PN G002.2-04.3,PN ,18 08 06.42 -29 13 15.7,18 04 55.27 -29 13 44.2,002.21687 -04.39440,            ~ ~ ,~           ,~           ,~           ,1
285,PN K       ,PN K 6-41,PN ,18 11 12.37 -29 22 04.5,18 08 01.01 -29 22 46.5,002.41169 -05.05807,            ~ ~ ,~           ,~           ,~           ,1
286,PN K       ,PN K 6-42,PN ,18 16 32.06 -34 47 44.0,18 13 11.92 -34 48 48.9,358.10621 -08.58818,            ~ ~ ,~           ,~           ,~           ,0
================================================================================,,,,,,,,,,,