C.D.S.  -  SIMBAD4 rel 1.8  -  2024.04.27CEST21:47:20,,,,,,,,,,,
,,,,,,,,,,,
PN M,,,,,,,,,,,
----,,,,,,,,,,,
,,,,,,,,,,,
Number of objects : 1,,,,,,,,,,,
,,,,,,,,,,,
 # ,typed ident,            identifier             ,typ,"coord1 (ICRS,J2000/2000)","coord3 (FK4,B1950/1950)","coord4 (Gal,J2000/2000)",       pm       ,  radvel   ,  redshift  ,    cz     ,#not
---,-----------,-----------------------------------,---,---------------------------------------,---------------------------------------,-----------------------------------,----------------,-----------,------------,-----------,----
1,PN M       ,PN M 1-1,PN ,01 37 19.3623937872 +50 28 11.344069236,01 34 12.9108802377 +50 12 55.573262895,130.3602092172623 -11.7389538644552,-1.618 -0.262,~          ,~           ,~          ,0
2,PN M       ,V* V471 Per,EB*,01 58 49.6646558832 +52 53 48.462798552,01 55 32.8790680463 +52 39 14.748153614,133.1178496677037 -08.6370273730464,0.459 -2.286,-22.91,-0.000076,-22.91,1
3,PN M       ,NGC 1360,PN ,03 33 14.6468527944 -25 52 17.977647900,03 31 06.8885905554 -26 02 22.022105131,220.3634463504068 -53.9335804631115,1.777 26.927,108.00,0.000360,108.02,0
4,PN M       ,PN M 1-4,PN ,03 41 43.4191369752 +52 17 00.267451836,03 37 59.1455641238 +52 07 25.092078957,147.4005039174593 -02.3068675125289,0.318 -1.076,~          ,~           ,~          ,1
5,PN M       ,PN M 1-5,PN ,05 46 50.0119955400 +24 22 02.848049436,05 43 46.0889460610 +24 20 58.675013629,184.0453261901274 -02.1423413677968,-0.231 -1.475,~          ,~           ,~          ,1
6,PN M       ,PN M 1-6,PN ,06 35 45.1241072736 -00 05 37.396958568,06 33 11.4759511859 -00 03 07.198203356,211.2251170864339 -03.5322970482570,-1.233 -1.292,~          ,~           ,~          ,1
7,PN M       ,PN M 1-7,PN ,06 37 20.9195312048 +24 00 35.467965071,06 34 17.7499294569 +24 03 11.642269105,189.8943351788892 +07.7927125370115,1.551 -3.897,~          ,~           ,~          ,0
8,PN M       ,PN M 1-8,PN ,06 53 33.795 +03 08 26.96,06 50 56.451 +03 12 13.44,210.377688 +01.903962,            ~ ~ ,~          ,~           ,~          ,0
9,PN M       ,PN M 1-9,PN ,07 05 19.2001625040 +02 46 59.452173768,07 02 42.3025489935 +02 51 35.696299786,212.0329368176826 +04.3559758990149,-1.243 0.365,~          ,~           ,~          ,0
10,PN M       ,NGC 2346,PN ,07 09 22.5215800440 -00 48 23.610997332,07 06 49.6461083197 -00 43 30.142585622,215.6988337153870 +03.6212050697720,-2.072 -1.213,47.00,0.000157,47.00,0
11,PN M       ,PN M 1-11,PN ,07 11 16.6948815960 -19 51 02.898476424,07 09 05.9066380773 -19 46 00.884258675,232.8366520858731 -04.7300866853122,0.240 2.427,~          ,~           ,~          ,0
12,PN M       ,PN M 1-12,PN ,07 19 21.4685188440 -21 43 55.402228344,07 17 12.7731500660 -21 38 19.757613532,235.3833647908021 -03.9203126514348,-1.186 1.270,~          ,~           ,~          ,0
13,PN M       ,PN M 1-13,PN ,07 21 15.037 -18 08 34.65,07 19 01.814 -18 02 51.31,232.414124 -01.849966,            ~ ~ ,~          ,~           ,~          ,0
14,PN M       ,PN M 1-14,PN ,07 27 56.5101847704 -20 13 22.650485448,07 25 45.5832743035 -20 07 11.998716613,234.9950752334906 -01.4420738570098,-0.978 2.212,~          ,~           ,~          ,0
15,PN M       ,SS73 6,Be*,07 31 48.851 -19 27 33.52,07 29 36.860 -19 21 07.42,234.761403 -00.276838,-7.4 6.1,~          ,~           ,~          ,0
16,PN M       ,PN M 1-16,PN ,07 37 18.902 -09 38 47.96,07 34 55.476 -09 31 59.86,226.799499 +05.627191,            ~ ~ ,~          ,~           ,~          ,0
17,PN M       ,PN M 1-17,PN ,07 40 22.1724359520 -11 32 29.783641164,07 38 00.7582556643 -11 25 29.451959483,228.8303135189400 +05.3667214261062,            ~ ~ ,~          ,~           ,~          ,0
18,PN M       ,PN M 1-18,PN ,07 42 04.167 -14 21 13.27,07 39 45.831 -14 14 06.10,231.495246 +04.352528,            ~ ~ ,~          ,~           ,~          ,0
19,PN M       ,PN M 1-19,PN ,17 03 46.8491993472 -33 29 44.433527316,17 00 30.3343407987 -33 25 33.697933929,351.1991415409776 +04.8363320475284,-7.084 -6.440,-51,-0.000170,-51.00,0
20,PN M       ,PN M 1-20,PN ,17 28 57.6165015264 -19 15 54.033719256,17 26 00.7488046886 -19 13 31.996591229,006.1875256717066 +08.3616105713241,-1.962 -5.954,75,0.000250,75.01,0
21,PN M       ,Hen 2-247,Sy*,17 34 17.2180319472 -19 09 22.806312768,17 31 20.4238145204 -19 07 23.979427013,006.9600576692518 +07.3578544605543,-4.002 -3.793,~          ,~           ,~          ,2
22,PN M       ,PN M 1-22,PN ,17 35 10.239 -18 34 20.41,17 32 14.175 -18 32 25.64,007.571136 +07.490430,            ~ ~ ,-2,-0.000007,-2.00,0
23,PN M       ,PN M 1-23,PN ,17 37 22.01 -18 46 41.8,17 34 25.65 -18 44 56.6,007.67164 +06.93996,            ~ ~ ,-66,-0.000220,-65.99,0
24,PN M       ,PN M 1-24,PN ,17 38 11.588 -19 37 37.64,17 35 14.119 -19 35 55.96,007.048586 +06.327122,            ~ ~ ,-26,-0.000087,-26.00,0
25,PN M       ,PN M 1-25,PN ,17 38 30.3160501176 -22 08 38.934269052,17 35 29.5212371656 -22 06 58.168505894,004.9392989587219 +04.9361804355717,-6.493 -6.339,24,0.000080,24.00,0
26,PN M       ,PN M 1-26,PN ,17 45 57.6673214328 -30 12 00.766253160,17 42 45.1101328123 -30 10 52.010797426,358.9594304564111 -00.7214983466852,-2.699 -7.163,~          ,~           ,~          ,0
27,PN M       ,PN M 1-27,WR?,17 46 45.4755803568 -33 08 35.133711936,17 43 28.1677742752 -33 07 29.976873017,356.5311853155151 -02.3941230669896,0.139 -1.181,~          ,~           ,~          ,0
28,PN M       ,PN M 1-28,PN ,17 47 38.3 -22 06 20,17 44 37.4 -22 05 19,006.0797 +03.1526,            ~ ~ ,~          ,~           ,~          ,0
29,PN M       ,PN M 1-29,PN ,17 50 17.9658145641 -30 34 54.987881214,17 47 04.7530566785 -30 34 05.507931513,359.1155060098762 -01.7197995645160,            ~ ~ ,~          ,~           ,~          ,1
30,PN M       ,PN M 1-30,PN ,17 52 58.95 -34 38 22.6,17 49 39.04 -34 37 44.6,355.90394 -04.26919,            ~ ~ ,-127,-0.000424,-126.97,0
31,PN M       ,PN M 1-31,PN ,17 52 41.4448424016 -22 21 57.159303984,17 49 40.1961553482 -22 21 18.576470989,006.4545364660199 +02.0148064560193,            ~ ~ ,~          ,~           ,~          ,0
32,PN M       ,PN M 1-32,PN ,17 56 20.11 -16 29 04.6,17 53 26.56 -16 28 42.2,011.97700 +04.23372,            ~ ~ ,-86,-0.000287,-85.99,1
33,PN M       ,PN M 1-33,PN ,17 58 58.81 -15 32 14.8,17 56 06.45 -15 32 04.0,013.11782 +04.15255,            ~ ~ ,-60,-0.000200,-59.99,1
34,PN M       ,PN M 1-34,PN ,18 01 22.146 -33 17 45.21,17 58 04.477 -33 17 43.96,357.940438 -05.111378,            ~ ~ ,-5,-0.000017,-5.00,0
35,PN M       ,PN M 1-35,PN ,18 03 39.30 -26 43 33.9,18 00 31.87 -26 43 43.0,003.92288 -02.32304,            ~ ~ ,~          ,~           ,~          ,0
36,PN M       ,IC 4673,PN ,18 03 18.4585925304 -27 06 22.715564832,18 00 10.4725401089 -27 06 30.156962009,003.5532601352851 -02.4421486392080,0.044 -2.999,~          ,~           ,~          ,0
37,PN M       ,PN M 1-37,PN ,18 05 25.8092901000 -28 22 04.282489956,18 02 15.9652662735 -28 22 20.743357796,002.6809612861000 -03.4684020151213,-4.779 -6.894,202,0.000674,202.07,0
38,PN M       ,PN M 1-38,PN ,18 06 05.74 -28 40 30.0,18 02 55.42 -28 40 49.7,002.48310 -03.74538,            ~ ~ ,-92,-0.000307,-91.99,0
39,PN M       ,PN M 1-39,PN ,18 07 30.7 -13 28 49,18 04 40.9 -13 29 15,015.9282 +03.3578,            ~ ~ ,87,0.000290,87.01,1
40,PN M       ,PN M 1-40,PN ,18 08 25.989 -22 16 52.93,18 05 24.834 -22 17 23.19,008.335069 -01.103741,            ~ ~ ,~          ,~           ,~          ,1
41,PN M       ,PN M 1-41,PN ,18 09 30.10 -24 12 26.0,18 06 26.29 -24 13 00.8,006.76774 -02.25039,            ~ ~ ,~          ,~           ,~          ,0
42,PN M       ,PN M 1-42,PN ,18 11 04.99 -28 58 59.1,18 07 54.22 -28 59 40.6,002.73862 -04.85135,            ~ ~ ,-93,-0.000310,-92.99,0
43,PN M       ,PN M 1-43,PN ,18 11 48.91 -18 46 21.2,18 08 52.43 -18 47 06.4,011.79007 -00.10220,            ~ ~ ,~          ,~           ,~          ,0
44,PN M       ,PN M 1-44,PN ,18 16 17.3419504152 -27 04 30.536970384,18 13 09.4637096563 -27 05 34.346314190,004.9711270140461 -04.9614458929434,-1.071 -10.407,-4.33,-0.000014,-4.33,0
45,PN M       ,PN M 1-45,PN ,18 23 07.9832213304 -19 17 05.323374528,18 20 10.9145566555 -19 18 39.460939416,012.6073837096759 -02.7001941621176,-1.733 -8.605,~          ,~           ,~          ,0
46,PN M       ,PN M 1-46,PN ,18 27 56.3175434256 -15 32 54.434037264,18 25 04.0428121635 -15 34 50.046279014,016.4509414757490 -01.9751783301724,1.562 -0.658,~          ,~           ,~          ,0
47,PN M       ,PN M 1-47,PN ,18 29 11.1420012552 -21 46 54.068611620,18 26 10.8421644630 -21 48 54.594358559,011.0448414631449 -05.1110105241185,-3.253 -4.838,-69,-0.000230,-68.99,0
48,PN M       ,PN M 1-48,PN ,18 29 30.0553819752 -19 05 43.953710820,18 26 33.2950235378 -19 07 46.200023026,013.4733543660241 -03.9447737122869,-1.022 -0.385,121,0.000404,121.02,1
49,PN M       ,PN M 1-49,PN ,18 30 13.2445210776 -13 53 56.715339984,18 27 23.0533958531 -13 56 02.174268034,018.1691384101231 -01.7000393284169,-4.859 -3.434,~          ,~           ,~          ,0
50,PN M       ,PN M 1-50,PN ,18 33 20.88 -18 16 37.1,18 30 25.22 -18 18 56.1,014.62134 -04.37971,            ~ ~ ,5,0.000017,5.00,0
51,PN M       ,PN M 1-51,PN ,18 33 29.05 -11 07 26.5,18 30 42.24 -11 09 46.4,020.99925 -01.12505,            ~ ~ ,~          ,~           ,~          ,1
52,PN M       ,PN M 1-52,PN ,18 33 58.50 -14 52 26.6,18 31 07.13 -14 54 48.5,017.72224 -02.95610,            ~ ~ ,~          ,~           ,~          ,0
53,PN M       ,PN M 1-53,PN ,18 35 48.267 -17 36 08.71,18 32 53.497 -17 38 38.36,015.490606 -04.592706,            ~ ~ ,46,0.000153,46.00,0
54,PN M       ,PN M 1-54,PN ,18 36 08.357 -16 59 57.02,18 33 14.354 -17 02 28.15,016.066016 -04.389658,            ~ ~ ,-42,-0.000140,-42.00,0
55,PN M       ,PN M 1-55,PN ,18 36 33.8579186684 -21 49 02.694225412,18 33 33.6296460811 -21 51 35.124884313,011.7919592255625 -06.6545197932994,-5.458 -6.171,-30,-0.000100,-30.00,0
56,PN M       ,PN M 1-56,PN ,18 37 46.27 -17 05 46.8,18 34 52.17 -17 08 25.0,016.15676 -04.78131,            ~ ~ ,-24,-0.000080,-24.00,0
57,PN M       ,PN M 1-57,PN ,18 40 20.2561639992 -10 39 47.216941560,18 37 34.0595574629 -10 42 36.509387938,022.1810956073639 -02.4087098407168,-3.813 -4.865,~          ,~           ,~          ,0
58,PN M       ,PN VV 201,PN ,18 42 57.0075531633 -11 06 53.298252392,18 40 10.2864040244 -11 09 53.846839588,022.0709930466851 -03.1854235711341,-0.766 -4.354,~          ,~           ,~          ,0
59,PN M       ,PN M 1-59,PN ,18 43 20.20 -09 04 49.1,18 40 35.89 -09 07 51.6,023.92809 -02.34427,            ~ ~ ,~          ,~           ,~          ,1
60,PN M       ,PN M 1-60,PN ,18 43 38.0929948608 -13 44 49.280634744,18 40 48.2097457007 -13 47 52.877866640,019.7949936239958 -04.5270676408938,            ~ ~ ,88,0.000294,88.01,0
61,PN M       ,PN M 1-61,PN ,18 45 55.12 -14 27 37.9,18 43 04.40 -14 30 51.3,019.40573 -05.34273,            ~ ~ ,31,0.000103,31.00,0
62,PN M       ,PN M 1-62,PN ,18 50 26.0470300152 -22 34 22.707895260,18 47 25.0831253449 -22 37 54.688869996,012.5280048462922 -09.8712318934401,-1.354 -7.392,41,0.000137,41.00,0
63,PN M       ,PN M 1-63,PN ,18 51 30.962 -13 10 36.58,18 48 41.819 -13 14 13.85,021.170426 -05.983389,15.5 -2.4,5,0.000017,5.00,0
64,PN M       ,PN M 1-64,PN ,18 50 02.090 +35 14 36.10,18 48 14.382 +35 11 02.85,064.980424 +15.520051,            ~ ~ ,~          ,~           ,~          ,0
65,PN M       ,PN M 1-65,PN ,18 56 33.6348962736 +10 52 09.588530604,18 54 12.2800220131 +10 48 10.189024978,043.1984411359839 +03.8101341878334,-2.701 -9.101,~          ,~           ,~          ,0
66,PN M       ,PN M 1-66,PN ,18 58 26.24 -01 03 45.6,18 55 51.22 -01 07 52.9,032.78377 -02.04180,            ~ ~ ,~          ,~           ,~          ,1
67,PN M       ,Hen 2-427,WR*,19 11 30.8749167768 +16 51 38.200938264,19 09 16.3527962263 +16 46 35.460254942,050.1980203939821 +03.3100128152785,-2.517 -5.671,190.00,0.000634,190.06,0
68,PN M       ,NGC 6765,PN ,19 11 06.5583234216 +30 32 43.674073296,19 09 10.3100708688 +30 27 41.901384578,062.4578400645047 +09.5572270586200,-0.555 -3.722,~          ,~           ,~          ,1
69,PN M       ,PN M 1-69,PN ,19 13 53.890 +03 37 41.78,19 11 24.086 +03 32 29.36,038.729694 -03.327887,            ~ ~ ,~          ,~           ,~          ,0
70,PN M       ,PN Vy 2-2,PN ,19 24 22.2390166933 +09 53 56.259102426,19 21 59.3710137737 +09 48 00.775334019,045.4980842298122 -02.7031914549173,-20.263 -6.921,~          ,~           ,~          ,0
71,PN M       ,PN M 1-71,PN ,19 36 26.9207484077 +19 42 24.018831075,19 34 14.9617955091 +19 35 38.982227711,055.5070319599885 -00.5579278597732,            ~ ~ ,~          ,~           ,~          ,1
72,PN M       ,PN M 1-72,PN ,19 41 33.9729642288 +17 45 17.525500164,19 39 19.4989575563 +17 38 12.435860917,054.4007989442726 -02.5715474423710,-1.236 -4.655,~          ,~           ,~          ,0
73,PN M       ,PN M 1-73,PN ,19 41 09.2937490896 +14 56 58.980006096,19 38 51.6205884050 +14 49 55.599537170,051.9067620339896 -03.8670298749594,-1.804 -4.224,~          ,~           ,~          ,1
74,PN M       ,PN M 1-74,PN ,19 42 18.78 +15 09 08.3,19 40 01.29 +15 02 00.1,052.22141 -04.01083,            ~ ~ ,~          ,~           ,~          ,0
75,PN M       ,PN M 1-75,PN ,20 04 44.1 +31 27 28,20 02 45.3 +31 18 53,068.8584 -00.0413,            ~ ~ ,~          ,~           ,~          ,1
76,PN M       ,Hen 2-461,LP?,20 16 26.4159222096 +37 06 05.974060536,20 14 34.4829670283 +36 56 47.637210282,074.9055395896519 +01.0193096321970,-3.020 -5.187,~          ,~           ,~          ,2
77,PN M       ,PN M 1-77,PN ,21 19 07.3684546776 +46 18 47.160663156,21 17 18.8041955709 +46 06 04.691908124,089.3839877457202 -02.2663551127708,-1.593 -2.527,~          ,~           ,~          ,0
78,PN M       ,IRAS 21190+5140,HII,21 20 44.8 +51 53 28,21 19 05.6 +51 40 40,093.5310 +01.4743,            ~ ~ ,~          ,~           ,~          ,2
79,PN M       ,PN M 1-79,PN ,21 37 01.500 +48 56 02.62,21 35 12.581 +48 42 31.64,093.377814 -02.454458,            ~ ~ ,~          ,~           ,~          ,0
80,PN M       ,PN M 1-80,PN ,22 56 19.89864 +57 09 20.8656,22 54 14.81304 +56 53 18.5430,107.78489944 -02.29165211,            ~ ~ ,~          ,~           ,~          ,2
81,PN M       ,Hen 2-437,PN ,19 32 57.6040534728 +26 52 43.087922580,19 30 54.9353651116 +26 46 12.144431075,061.3955630416021 +03.6185301337634,-2.690 -7.926,~          ,~           ,~          ,1
82,PN M       ,Min 1-92,pA*,19 36 18.9295687968 +29 32 49.785288144,19 34 19.7207126009 +29 26 05.076956322,064.0964395899990 +04.2565028914728,-2.046 -4.149,-7.086540,-0.000024,-7.09,0
83,PN M       ,PN M 2-1,*  ,03 52 16.7461686360 +60 58 08.905314360,03 48 01.7494342132 +60 49 11.419930682,143.1715985745099 +05.4180031746661,0.847 -5.674,~          ,~           ,~          ,0
84,PN M       ,PN M 2-2,PN ,04 13 15.0286446504 +56 56 58.407808596,04 09 10.1855356035 +56 49 20.368632714,147.8721469865155 +04.1952829475393,0.288 1.870,~          ,~           ,~          ,0
85,PN M       ,IC 2120,HII,05 18 09.4 +37 32 38,05 14 45.2 +37 29 29,169.6603 -00.0854,            ~ ~ ,~          ,~           ,~          ,2
86,PN M       ,PN M 2-4,PN ,17 01 06.2230175160 -34 49 38.610796908,16 57 47.6446646812 -34 45 16.581420031,349.8005995860884 +04.4660969035738,-4.375 -4.371,-186,-0.000620,-185.94,0
87,PN M       ,PN M 2-5,PN ,17 02 19.0885293528 -33 10 04.843181568,16 59 03.1480036685 -33 05 47.899206219,351.2748880206584 +05.2779326494342,-0.327 -7.216,-128,-0.000427,-127.97,0
88,PN M       ,PN M 2-6,PN ,17 04 18.32832 -30 53 28.8816,17 01 05.86586 -30 49 20.8393,353.35417489 +06.31780487,            ~ ~ ,-126,-0.000420,-125.97,0
89,PN M       ,PN M 2-7,PN ,17 05 13.91 -30 32 19.7,17 02 01.95 -30 28 15.6,353.75817 +06.36991,            ~ ~ ,-56,-0.000187,-55.99,0
90,PN M       ,PN M 2-8,PN ,17 05 30.70 -32 32 08.1,17 02 15.62 -32 28 05.1,352.18775 +05.12520,            ~ ~ ,26,0.000087,26.00,0
91,PN M       ,PN M 2-9,PN ,17 05 37.96152 -10 08 32.5068,17 02 52.61977 -10 04 31.1058,010.89935991 +18.05575993,            ~ ~ ,~          ,~           ,~          ,0
92,PN M       ,PN M 2-10,PN ,17 14 07.0266004296 -31 19 42.983628132,17 10 53.5048454703 -31 16 16.449839429,354.2474353428835 +04.3657372544420,-4.482 -4.966,-75,-0.000250,-74.99,0
93,PN M       ,PN M 2-11,PN ,17 20 33.27 -29 00 39.1,17 17 23.06 -28 57 40.6,356.95194 +04.55859,            ~ ~ ,51,0.000170,51.00,0
94,PN M       ,PN M 2-12,PN ,17 24 01.4751224640 -25 59 23.283283848,17 20 55.6066599607 -25 56 39.785685290,359.8941303347658 +05.6218781300296,-5.454 -1.701,76,0.000254,76.01,0
95,PN M       ,PN M 2-13,PN ,17 28 34.1923703839 -13 26 20.742891193,17 25 44.6330406304 -13 23 57.588805444,011.1391386142825 +11.5509135923951,            ~ ~ ,38,0.000127,38.00,0
96,PN M       ,PN M 2-14,PN ,17 41 57.2678295912 -24 11 16.203074712,17 38 53.6278901458 -24 09 50.508428246,003.6179625196545 +03.1846114655716,-7.827 -3.195,~          ,~           ,~          ,0
97,PN M       ,PN M 2-15,PN ,17 46 54.449 -16 17 24.80,17 44 01.191 -16 16 21.26,011.000153 +06.284216,            ~ ~ ,-33,-0.000110,-33.00,0
98,PN M       ,PN M 2-16,PN ,17 52 34.37 -32 45 51.4,17 49 17.63 -32 45 11.7,357.48245 -03.24780,            ~ ~ ,~          ,~           ,~          ,0
99,PN M       ,PN M 2-17,PN ,17 52 04.896 -17 36 05.23,17 49 09.941 -17 35 24.22,010.496391 +04.552508,            ~ ~ ,-46,-0.000153,-46.00,0
100,PN M       ,PN M 2-18,PN ,17 53 37.85 -32 58 47.8,17 50 20.74 -32 58 12.7,357.40853 -03.54850,            ~ ~ ,-54,-0.000180,-54.00,0
101,PN M       ,PN M 2-19,PN ,17 53 45.6485317560 -29 43 46.975373868,17 50 33.7430724429 -29 43 12.720081812,000.2305130587372 -01.9298855893528,-1.836 0.984,~          ,~           ,~          ,0
102,PN M       ,PN M 2-20,PN ,17 54 25.32 -29 36 08.2,17 51 13.60 -29 35 36.8,000.41319 -01.98938,            ~ ~ ,~          ,~           ,~          ,0
103,PN M       ,PN M 2-21,PN ,17 58 09.58 -29 44 20.1,17 54 57.63 -29 44 05.0,000.70250 -02.76028,            ~ ~ ,~          ,~           ,~          ,0
104,PN M       ,PN M 2-22,PN ,17 58 32.58 -33 28 36.8,17 55 14.62 -33 28 23.2,357.49116 -04.68664,            ~ ~ ,-94,-0.000314,-93.99,0
105,PN M       ,PN M 2-23,PN ,18 01 42.6413050824 -28 25 44.117293404,17 58 32.6854033359 -28 25 44.650422224,002.2265537330740 -02.7850805871868,            ~ ~ ,~          ,~           ,~          ,0
106,PN M       ,PN M 2-24,PN ,18 02 02.8945854456 -34 27 47.275175592,17 58 43.2594945208 -34 27 48.810847399,356.9857332298200 -05.8035578229802,-2.483 -2.276,137,0.000457,137.03,0
107,PN M       ,PN M 2-25,PN ,18 02 46.50 -32 09 29.0,17 59 30.71 -32 09 34.0,359.08207 -04.81384,            ~ ~ ,17,0.000057,17.00,0
108,PN M       ,PN M 2-26,PN ,18 03 11.92 -26 58 31.2,18 00 04.13 -26 58 38.3,003.65554 -02.35670,            ~ ~ ,~          ,~           ,~          ,1
109,PN M       ,PN M 2-27,PN ,18 03 52.5718384152 -31 17 47.161796424,18 00 38.1667726827 -31 17 57.000702921,359.9515715704939 -04.5987270391434,            ~ ~ ,164,0.000547,164.04,0
110,PN M       ,PN M 2-28,PN ,18 05 02.73 -30 58 18.0,18 01 48.84 -30 58 33.0,000.35831 -04.65978,            ~ ~ ,-29,-0.000097,-29.00,0
111,PN M       ,PN M 2-29,PN ,18 06 40.9055211600 -26 54 56.375768340,18 03 33.2096549366 -26 55 18.669993218,004.0871082379903 -03.0049746323704,-1.476 -1.283,~          ,~           ,~          ,0
112,PN M       ,PN M 2-30,PN ,18 12 34.40 -27 58 10.5,18 09 25.16 -27 58 58.6,003.78955 -04.65760,            ~ ~ ,115,0.000384,115.02,0
113,PN M       ,PN M 2-31,PN ,18 13 16.0521431976 -25 30 05.320920636,18 10 10.4274720576 -25 30 56.540610102,006.0404647140786 -03.6205395307150,            ~ ~ ,136,0.000454,136.03,0
114,PN M       ,PN M 2-32,PN ,18 14 50.6059044528 -32 36 55.158494076,18 11 34.1343539799 -32 37 52.518054551,359.8968577504772 -07.2721866579212,-3.215 -6.826,-74,-0.000247,-73.99,1
115,PN M       ,PN M 2-33,PN ,18 15 06.5634327720 -30 15 33.265211580,18 11 53.8525486963 -30 16 31.964778290,002.0229251233023 -06.2249374779586,-0.062 -6.026,-119,-0.000397,-118.98,0
116,PN M       ,PN M 2-34,PN ,18 17 15.90 -23 58 53.7,18 14 12.45 -24 00 02.5,007.81255 -03.69997,            ~ ~ ,79,0.000264,79.01,0
117,PN M       ,PN M 2-35,PN ,18 17 37.20 -31 56 46.8,18 14 21.84 -31 57 56.7,000.76853 -07.48352,            ~ ~ ,-30,-0.000100,-30.00,0
118,PN M       ,PN M 2-36,PN ,18 17 41.43 -29 08 19.9,18 14 30.47 -29 09 30.2,003.28281 -06.19880,            ~ ~ ,64,0.000214,64.01,0
119,PN M       ,PN M 2-37,PN ,18 18 38.501 -28 08 01.55,18 15 29.072 -28 09 16.09,004.275382 -05.916752,            ~ ~ ,75,0.000250,75.01,0
120,PN M       ,PN M 2-38,PN ,18 19 25.19 -26 35 20.2,18 16 18.05 -26 36 38.2,005.73049 -05.35160,            ~ ~ ,-76,-0.000253,-75.99,0
121,PN M       ,PN M 2-39,PN ,18 22 01.1620945464 -24 10 39.916889760,18 18 57.4878007012 -24 12 09.212078188,008.1477077755441 -04.7508435804596,-1.265 -3.573,83,0.000277,83.01,0
122,PN M       ,PN M 2-40,PN ,18 21 23.8579139424 -06 01 55.766823672,18 18 43.0290921421 -06 03 23.137531785,024.1226899843086 +03.8853371508655,-0.244 -4.754,90,0.000300,90.01,0
123,PN M       ,PN M 2-41,PN ,18 22 34.50 -30 43 31.0,18 19 21.15 -30 45 02.5,002.35217 -07.86716,            ~ ~ ,-22,-0.000073,-22.00,0
124,PN M       ,PN M 2-42,PN ,18 22 32.08 -24 09 27.7,18 19 28.43 -24 10 59.4,008.22025 -04.84566,            ~ ~ ,119,0.000397,119.02,0
125,PN M       ,PN M 2-43,PN ,18 26 40.0500205632 -02 42 57.364170912,18 24 03.1113944496 -02 44 47.643787893,027.6787620180716 +04.2604065708762,-3.320 -8.108,105,0.000350,105.02,0
126,PN M       ,PN M 2-44,PN ,18 37 36.9561946872 -03 05 57.027607908,18 34 59.5906816557 -03 08 34.809719839,028.5967048921186 +01.6567356497526,-4.186 -6.610,~          ,~           ,~          ,0
127,PN M       ,PN M 2-45,PN ,18 39 21.88 -04 19 51.0,18 36 43.08 -04 22 36.6,027.70181 +00.70446,            ~ ~ ,~          ,~           ,~          ,0
128,PN M       ,PN M 2-46,PN ,18 46 34.61 -08 28 02.1,18 43 51.04 -08 31 18.6,024.83915 -02.77827,            ~ ~ ,~          ,~           ,~          ,0
129,PN M       ,PN M 2-47,PN ,19 13 34.5440854320 +04 38 04.013922588,19 11 05.8675888039 +04 32 53.025876462,039.5863257194170 -02.7920392230726,-1.351 -2.677,~          ,~           ,~          ,0
130,PN M       ,PN M 2-48,PN ,19 50 28.52520 +25 54 29.5452,19 48 23.48643 +25 46 48.9863,062.49357502 -00.27000407,            ~ ~ ,~          ,~           ,~          ,0
131,PN M       ,PN M 2-49,PN ,21 43 17.60 +50 25 14.4,21 41 29.30 +50 11 27.6,095.12204 -02.00695,            ~ ~ ,~          ,~           ,~          ,0
132,PN M       ,PN G097.6-02.4,PN ,21 57 41.7846489624 +51 41 39.289876548,21 55 51.1452155594 +51 27 18.717306540,097.6821630185125 -02.4516061709356,-1.415 -1.529,~          ,~           ,~          ,0
133,PN M       ,PN M 2-51,PN ,22 16 03.890 +57 28 33.75,22 14 16.162 +57 13 34.75,103.223440 +00.674990,            ~ ~ ,~          ,~           ,~          ,0
134,PN M       ,PN M 2-52,PN ,22 20 30.77976 +57 36 21.2184,22 18 41.45278 +57 21 13.8289,103.79294222 +00.45418246,            ~ ~ ,~          ,~           ,~          ,1
135,PN M       ,PN M 2-53,PN ,22 32 17.720 +56 10 26.12,22 30 21.382 +55 54 58.18,104.407303 -01.609953,            ~ ~ ,~          ,~           ,~          ,0
136,PN M       ,LS III +51 42,Em*,22 51 38.9171619360 +51 50 42.440834364,22 49 30.4003206072 +51 34 46.102630428,104.8385191378361 -06.7683295269199,-1.756 -1.227,~          ,~           ,~          ,1
137,PN M       ,PN M 2-55,PN ,23 31 52.708 +70 22 10.11,23 29 42.559 +70 05 36.28,116.295184 +08.529719,            ~ ~ ,~          ,~           ,~          ,0
138,PN M       ,PN M 2-56,pA*,23 56 36.4049726352 +70 48 18.246610008,23 54 06.4919619402 +70 31 36.505409813,118.4146375251556 +08.4157571699193,            ~ ~ ,~          ,~           ,~          ,0
139,PN M       ,PN M 3-1,PN ,07 02 49.9034289668 -31 35 29.173259232,07 00 55.7219529248 -31 31 01.965241113,242.6455851261009 -11.6070170672277,-1.171 1.949,~          ,~           ,~          ,0
140,PN M       ,PN M 3-2,PN ,07 14 49.9223169552 -27 50 23.233595640,07 12 49.6022141771 -27 45 06.039272024,240.3700119002891 -07.6286808808744,-0.729 1.870,~          ,~           ,~          ,0
141,PN M       ,PN M 3-3,PN ,07 26 34.228 -05 21 52.16,07 24 06.280 -05 15 47.57,221.743577 +05.317288,            ~ ~ ,~          ,~           ,~          ,0
142,PN M       ,PN M 3-4,PN ,07 55 11.3981083632 -23 38 12.606279540,07 53 03.2762445157 -23 30 13.939621065,241.0919288937620 +02.3534606204952,-0.727 0.682,25.0,0.000083,25.00,1
143,PN M       ,PN M 3-5,PN ,08 02 28.95456 -27 41 55.1976,08 00 25.39632 -27 33 28.5691,245.41567693 +01.62902896,            ~ ~ ,~          ,~           ,~          ,1
144,PN M       ,PN M 3-6,PN ,08 40 40.2260788368 -32 22 33.595889196,08 38 38.8731646128 -32 11 50.650137910,253.9711445352273 +05.7776244280551,-0.130 3.914,31.1,0.000104,31.10,0
145,PN M       ,PN M 3-7,PN ,17 24 34.4529856560 -29 24 19.796240052,17 21 23.5557043382 -29 21 38.519423829,357.1208140130793 +03.6116189824912,-5.186 -0.968,-208,-0.000694,-207.93,0
146,PN M       ,PN M 3-8,PN ,17 24 52.15 -28 05 54.6,17 21 43.18 -28 03 14.7,358.24316 +04.28894,            ~ ~ ,86,0.000287,86.01,0
147,PN M       ,PN M 3-9,PN ,17 25 43.3720063152 -26 11 55.407448140,17 22 37.1535875659 -26 09 19.144549769,359.9328295580658 +05.1888079287515,-2.273 -3.397,-77,-0.000257,-76.99,0
148,PN M       ,PN M 3-10,PN ,17 27 20.19 -28 27 51.2,17 24 10.62 -28 25 22.0,358.24142 +03.63410,            ~ ~ ,-102,-0.000340,-101.98,0
149,PN M       ,PN M 3-11,PN ,17 35 21.4316949768 -20 57 23.430911652,17 32 22.2602684142 -20 55 29.229650867,005.5599079504200 +06.1870855306844,-3.884 -2.473,~          ,~           ,~          ,0
150,PN M       ,PN M 3-12,PN ,17 36 22.634 -21 31 12.22,17 33 22.683 -21 29 22.55,005.207434 +05.685908,            ~ ~ ,17,0.000057,17.00,0
151,PN M       ,PN M 3-13,PN ,17 41 36.6034059352 -22 13 02.932779702,17 38 35.6627254856 -22 11 35.823460175,005.2567224534636 +04.2866560111545,-3.871 -3.492,132,0.000440,132.03,0
152,PN M       ,PN M 3-14,PN ,17 44 20.62 -34 06 40.6,17 41 01.72 -34 05 24.9,355.44188 -02.46818,            ~ ~ ,~          ,~           ,~          ,0
153,PN M       ,PN M 3-15,PN ,17 45 31.7096699160 -20 58 01.493896440,17 42 32.3925603390 -20 56 51.539976509,006.8027536290192 +04.1606385695914,1.437 -3.300,92,0.000307,92.01,1
154,PN M       ,PN M 3-16,PN ,17 52 46.0471623240 -30 49 35.021065800,17 49 32.4323125050 -30 48 55.876746652,359.1757010374726 -02.3008148178756,-1.071 -8.678,~          ,~           ,~          ,0
155,PN M       ,PN M 3-17,PN ,17 56 25.65 -31 04 17.2,17 53 11.62 -31 03 54.5,359.35974 -03.10210,            ~ ~ ,~          ,~           ,~          ,0
156,PN M       ,Ve 3-61,Sy*,17 57 16.0073137848 -21 41 29.107661424,17 54 15.6431659094 -21 41 10.605860950,007.5722911418216 +01.4392317421301,3.098 0.849,~          ,~           ,~          ,2
157,PN M       ,PN M 3-19,PN ,17 58 19.36 -30 00 39.3,17 55 06.99 -30 00 24.9,000.48395 -02.92637,            ~ ~ ,~          ,~           ,~          ,0
158,PN M       ,PN M 3-20,PN ,17 59 19.35 -28 13 48.2,17 56 09.70 -28 13 38.3,002.13918 -02.23000,            ~ ~ ,~          ,~           ,~          ,0
159,PN M       ,PN M 3-21,PN ,18 02 32.33 -36 39 11.3,17 59 08.82 -36 39 15.0,355.10603 -06.95095,            ~ ~ ,-69.0,-0.000230,-68.99,1
160,PN M       ,PN M 3-22,PN ,18 02 19.238 -30 14 25.38,17 59 06.501 -30 14 28.48,000.711931 -03.791354,            ~ ~ ,-77,-0.000257,-76.99,0
161,PN M       ,PN M 3-23,PN ,18 07 06.16 -30 34 17.8,18 03 52.91 -30 34 41.8,000.92398 -04.85348,            ~ ~ ,-155,-0.000517,-154.96,0
162,PN M       ,PN M 3-24,PN ,18 07 53.92 -25 24 02.7,18 04 48.41 -25 24 30.5,005.54607 -02.50912,            ~ ~ ,~          ,~           ,~          ,0
163,PN M       ,PN M 3-25,PN ,18 15 16.967 -10 10 09.47,18 12 31.212 -10 11 10.23,019.751563 +03.274286,            ~ ~ ,~          ,~           ,~          ,0
164,PN M       ,PN M 3-26,PN ,18 16 11.44 -27 14 58.3,18 13 03.30 -27 16 02.2,004.80627 -05.02402,            ~ ~ ,5,0.000017,5.00,0
165,PN M       ,PN M 3-27,PN ,18 27 48.2638650624 +14 29 06.066648996,18 25 31.6167520052 +14 27 10.053623458,043.3553768234468 +11.6981258746030,-3.038 -7.084,~          ,~           ,~          ,0
166,PN M       ,PN M 3-28,PN ,18 32 41.288 -10 05 50.03,18 29 55.696 -10 08 06.53,021.820097 -00.477808,            ~ ~ ,~          ,~           ,~          ,0
167,PN M       ,PN M 3-29,PN ,18 39 25.8182649336 -30 40 37.222765752,18 36 12.9097037578 -30 43 21.474200663,004.0072802299647 -11.1020166807816,-2.747 -8.090,39,0.000130,39.00,0
168,PN M       ,PN M 3-30,PN ,18 41 14.938 -15 33 43.58,18 38 22.798 -15 36 36.83,017.908619 -04.831683,            ~ ~ ,51,0.000170,51.00,0
169,PN M       ,PN M 3-31,PN ,18 44 01.7726196096 -19 54 52.743903912,18 41 04.1652374335 -19 57 57.759683311,014.2905141365094 -07.3698245827634,            ~ ~ ,-95,-0.000317,-94.98,0
170,PN M       ,PN M 3-32,PN ,18 44 43.03 -25 21 34.8,18 41 38.10 -25 24 42.5,009.40425 -09.88767,            ~ ~ ,-41.882500,-0.000140,-41.88,0
171,PN M       ,PN M 3-33,PN ,18 48 12.1403633760 -25 28 52.423742352,18 45 07.1488083564 -25 32 14.798497277,009.6340109508553 -10.6511700626524,-4.780 -5.648,176,0.000587,176.05,0
172,PN M       ,PN M 3-34,PN ,19 27 01.8981450048 -06 35 04.739628516,19 24 20.8902151554 -06 41 10.701425340,031.0651620237573 -10.8971345151904,-2.862 -2.439,~          ,~           ,~          ,1
173,PN M       ,PN M 3-35,PN ,20 21 03.7631843136 +32 29 24.005231700,20 19 04.7237353460 +32 19 49.193985124,071.6283834707975 -02.3617538067289,-0.732 -4.949,~          ,~           ,~          ,0
174,PN M       ,PN M 3-36,PN ,17 12 39.1651407264 -25 43 37.502399244,17 09 33.9706295477 -25 40 05.040858862,358.6494160883466 +07.8770863843252,-3.240 -4.442,6,0.000020,6.00,0
175,PN M       ,PN M 3-37,PN ,17 19 13.386 -25 17 17.55,17 16 08.609 -25 14 13.50,359.866845 +06.911288,            ~ ~ ,-61,-0.000203,-60.99,0
176,PN M       ,PN M 3-38,PN ,17 21 04.4699050536 -29 02 59.700223716,17 17 54.1884861442 -29 00 03.405374608,356.9842857306560 +04.4428085767959,            ~ ~ ,-170,-0.000567,-169.95,0
177,PN M       ,PN M 3-39,PN ,17 21 11.49 -27 11 36.3,17 18 03.94 -27 08 40.6,358.53609 +05.47101,            ~ ~ ,-62,-0.000207,-61.99,0
178,PN M       ,PN M 3-40,PN ,17 22 28.2905114736 -27 08 42.369295200,17 19 20.7894563211 -27 05 51.859635711,358.7371896308768 +05.2629271504145,-2.270 -6.748,45,0.000150,45.00,0
179,PN M       ,PN M 3-41,PN ,17 25 59.82 -29 21 50.4,17 22 48.93 -29 19 15.3,357.32877 +03.37775,            ~ ~ ,-132,-0.000440,-131.97,0
180,PN M       ,PN M 3-42,PN ,17 26 59.85 -29 15 32.1,17 23 49.09 -29 13 01.3,357.53778 +03.25498,            ~ ~ ,~          ,~           ,~          ,0
181,PN M       ,PN M 3-43,PN ,17 50 24.34 -29 25 18.5,17 47 12.93 -29 24 29.6,000.12397 -01.14527,            ~ ~ ,~          ,~           ,~          ,0
182,PN M       ,PN M 3-44,PN ,17 51 18.9230505792 -30 23 53.176813980,17 48 05.9947589028 -30 23 08.061626526,359.3855242629007 -01.8139147140659,-1.362 -1.696,~          ,~           ,~          ,0
183,PN M       ,PN M 3-45,PN ,17 52 05.96 -30 05 14.0,17 48 53.51 -30 04 32.4,359.73947 -01.80113,            ~ ~ ,~          ,~           ,~          ,0
184,PN M       ,PN M 3-46,PN ,17 55 05.65 -31 12 16.4,17 51 51.41 -31 11 47.8,359.10110 -02.92208,            ~ ~ ,~          ,~           ,~          ,0
185,PN M       ,PN M 3-47,PN ,17 57 43.367 -30 02 29.91,17 54 30.950 -30 02 12.91,000.392497 -02.829107,            ~ ~ ,~          ,~           ,~          ,0
186,PN M       ,PN M 3-48,PN ,17 59 56.83 -31 54 28.1,17 56 41.44 -31 54 20.7,359.00603 -04.16881,            ~ ~ ,-21,-0.000070,-21.00,0
187,PN M       ,PN M 3-49,PN ,18 02 32.00 -35 13 14.0,17 59 11.04 -35 13 17.7,356.36827 -06.25804,            ~ ~ ,-54,-0.000180,-54.00,0
188,PN M       ,PN M 3-50,PN ,18 04 05.183 -34 28 37.39,18 00 45.514 -34 28 47.95,357.177955 -06.177867,            ~ ~ ,11,0.000037,11.00,0
189,PN M       ,PN M 3-51,PN ,18 04 56.20 -32 54 02.0,18 01 39.19 -32 54 16.4,358.65202 -05.57244,            ~ ~ ,46,0.000153,46.00,0
190,PN M       ,PN G018.9+04.1,PN ,18 10 26.48 -10 29 03.1,18 07 40.34 -10 29 42.7,018.90569 +04.17127,            ~ ~ ,4,0.000013,4.00,0
191,PN M       ,PN M 3-53,PN ,18 24 07.923 -11 06 42.35,18 21 21.066 -11 08 21.64,019.944723 +00.912438,            ~ ~ ,~          ,~           ,~          ,0
192,PN M       ,PN M 3-54,PN ,18 33 03.745 -13 44 19.95,18 30 13.758 -13 46 37.91,018.629851 -02.238151,            ~ ~ ,~          ,~           ,~          ,0
193,PN M       ,PN M 3-55,PN ,18 33 14.773 -10 15 19.45,18 30 28.996 -10 17 38.36,021.743146 -00.672632,            ~ ~ ,~          ,~           ,~          ,0
194,PN M       ,Min 3-60,LP?,20 04 23.6504906400 +33 39 04.363566300,20 02 27.9621320314 +33 30 30.540621662,070.6738936102620 +01.1920673646710,-4.000 -3.683,~          ,~           ,~          ,1
195,PN M       ,ESO 428-14,Sy2,07 16 31.2062162520 -29 19 28.882826364,07 14 32.9216146499 -29 14 04.528522450,241.8769456836641 -07.9651443075819,            ~ ~ ,1660,0.005554,1665.05,4
196,PN M       ,PN M 4-2,PN ,07 28 53.8248982128 -35 45 14.036049180,07 27 04.6221740069 -35 38 58.824647072,248.8607809143589 -08.5636681215760,-1.861 3.655,~          ,~           ,~          ,0
197,PN M       ,PN M 4-3,PN ,17 10 41.7794192424 -27 08 44.078638704,17 07 34.6363529171 -27 05 03.151471159,357.2275507798713 +07.4101854604314,-3.698 -5.199,144,0.000480,144.03,0
198,PN M       ,PN M 4-4,PN ,17 28 50.2977512256 -30 07 44.997790224,17 25 38.1805404246 -30 05 21.797608522,357.0340433213522 +02.4401057300082,-4.690 -7.215,~          ,~           ,~          ,0
199,PN M       ,PN M 4-5,PN ,17 34 54.72 -26 35 57.3,17 31 47.73 -26 34 01.0,000.72549 +03.24725,            ~ ~ ,~          ,~           ,~          ,0
200,PN M       ,PN M 4-6,PN ,17 35 13.99 -29 03 10.6,17 32 03.36 -29 01 15.6,358.69598 +01.86336,            ~ ~ ,~          ,~           ,~          ,0
201,PN M       ,PN M 4-7,PN ,17 51 44.663 -31 36 00.18,17 48 29.820 -31 35 16.95,358.397551 -02.505601,            ~ ~ ,~          ,~           ,~          ,0
202,PN M       ,PN M 4-8,PN ,18 12 09.6056166096 -10 42 58.355591004,18 09 23.1973436483 -10 43 44.904955346,018.9036933328442 +03.6893845781665,-3.589 -10.949,31,0.000103,31.00,0
203,PN M       ,PN M 4-9,PN ,18 14 18.41 -04 59 22.1,18 11 38.80 -05 00 18.8,024.21860 +05.93264,            ~ ~ ,-38,-0.000127,-38.00,0
204,PN M       ,PN M 4-10,PN ,18 34 13.85 -13 12 24.7,18 31 24.52 -13 14 47.7,019.23337 -02.24574,            ~ ~ ,~          ,~           ,~          ,0
205,PN M       ,PN M 4-11,PN ,18 54 17.671 -10 05 14.49,18 51 32.280 -10 09 03.86,024.252337 -05.208864,            ~ ~ ,46,0.000153,46.00,0
206,PN M       ,PN M 4-12,PN ,19 13 05.239 +15 46 39.80,19 10 49.361 +15 41 30.27,049.409932 +02.476022,            ~ ~ ,~          ,~           ,~          ,0
207,PN M       ,PN M 4-13,PN ,19 13 38.4236144616 +14 59 19.157634744,19 11 21.6043461822 +14 54 07.749467750,048.7715261010072 +01.9928451514031,-3.669 -7.711,~          ,~           ,~          ,0
208,PN M       ,PN M 4-14,PN ,19 21 00.718 +07 36 52.37,19 18 35.280 +07 31 10.40,043.088538 -03.043562,            ~ ~ ,~          ,~           ,~          ,0
209,PN M       ,Hen 2-442,PN ,19 39 43.3532853720 +26 29 33.033230592,19 37 39.7662925825 +26 22 35.060788956,061.7924433742625 +02.1106581860901,-2.909 -7.692,~          ,~           ,~          ,0
210,PN M       ,PN M 4-17,PN ,20 09 01.927 +43 43 43.54,20 07 22.174 +43 34 51.76,079.685099 +05.830817,            ~ ~ ,~          ,~           ,~          ,0
211,PN M       ,PN M 4-18,PN ,04 25 50.8356162744 +60 07 12.780446700,04 21 31.1790533332 +60 00 24.037328353,146.7948839185880 +07.6012491879696,0.717 -0.755,138.389999,0.000462,138.42,0
================================================================================,,,,,,,,,,,